id_tipo_empleado,nombre,correo,telefono,dui,salario
9,Wallache Reading,wreading0@mit.edu,+50365647572,02545831-6,503.42
6,Tatum Frayn,tfrayn1@storify.com,+50374851477,31296321-4,738.51
7,Chiquia Trebilcock,ctrebilcock2@freewebs.com,+50375515372,63633188-0,592.39
9,Aymer Sprott,asprott3@symantec.com,+50368780948,57489109-1,419.66
3,Wenda Mumby,wmumby4@businessweek.com,+50374762731,28147458-7,1108.05
7,Clemente Godfray,cgodfray5@examiner.com,+50360651905,32381364-0,854.42
10,Morton Tipens,mtipens6@wordpress.com,+50322413291,48897105-9,920.2
10,Ellerey Tancock,etancock7@amazonaws.com,+50362761491,97301379-8,410.47
9,Tadeo Cammocke,tcammocke8@mapy.cz,+50329605809,52780275-3,1277.52
1,Lon Lauderdale,llauderdale9@hhs.gov,+50324218987,16333662-4,1105.05
6,Mario Rasor,mrasora@twitpic.com,+50325672183,09523307-6,508.38
10,Shawn McDuffie,smcduffieb@cbsnews.com,+50324138094,43522964-1,437.23
3,Alphard Drury,adruryc@godaddy.com,+50370131513,36632606-5,1231.86
6,Tonye Musterd,tmusterdd@mediafire.com,+50324956959,65056394-1,675.88
10,Ulberto Creelman,ucreelmane@pcworld.com,+50377300291,76972455-3,545.78
4,Baxie Stittle,bstittlef@bloglines.com,+50366628060,80469740-1,1183.94
10,Barnebas Gossop,bgossopg@upenn.edu,+50377325865,14008593-1,596.63
3,Karel Cozby,kcozbyh@indiegogo.com,+50324461427,76453521-4,967.82
1,Suellen Arnow,sarnowi@yandex.ru,+50364711833,14251375-5,1395.06
2,Dulcie Argue,darguej@forbes.com,+50377737994,50417360-3,1278.05
3,Nelly Mannooch,nmannoochk@comsenz.com,+50374095234,12135110-7,558.04
1,Melisa McPhee,mmcpheel@cargocollective.com,+50371595782,82806062-6,687.36
3,Oralle Minney,ominneym@europa.eu,+50329620644,43869355-2,1024.21
1,Ida Folbige,ifolbigen@sogou.com,+50371346961,84494237-9,747.74
4,Des Bonass,dbonasso@imageshack.us,+50324784784,14151032-7,1045.33
3,Marissa Faye,mfayep@huffingtonpost.com,+50360651335,54098485-7,649.09
3,Tris Maciaszczyk,tmaciaszczykq@example.com,+50327877546,71262277-3,860.71
5,Gabbie Gue,gguer@phpbb.com,+50368294073,55934429-9,537.46
2,Killian Dael,kdaels@youtube.com,+50321274338,15453838-0,1009.64
3,Deny Farmar,dfarmart@va.gov,+50364104830,11245536-9,646.91
8,Adlai Linstead,alinsteadu@upenn.edu,+50379805776,68239717-8,385.03
5,Donni Capin,dcapinv@barnesandnoble.com,+50370553764,78322351-3,1361.36
8,Lockwood Bartolijn,lbartolijnw@youtu.be,+50368743716,49237797-2,596.01
4,Cesar Danielovitch,cdanielovitchx@time.com,+50324763490,45476026-4,1146.64
10,Vasily Brookwood,vbrookwoody@umich.edu,+50326786352,16379522-9,554.81
1,Modesty Wanell,mwanellz@google.nl,+50324219571,35523137-1,869.39
7,Julissa Planke,jplanke10@imageshack.us,+50370958691,21523521-5,948.29
5,Mandie Hartright,mhartright11@dagondesign.com,+50374375891,94111866-3,1440.44
10,Ardelis Van Salzberger,avan12@phpbb.com,+50374621161,72791719-6,923.8
3,Mattie De Cristofalo,mde13@cnn.com,+50323539295,70056708-8,677.52
2,Gideon Crummie,gcrummie14@rambler.ru,+50373494941,44775931-4,818.09
3,Atalanta Harry,aharry15@epa.gov,+50363795346,56434040-9,587.69
5,Crichton Kilpin,ckilpin16@rambler.ru,+50326052327,79656439-6,882.79
3,Hillel Gillyett,hgillyett17@time.com,+50378599948,27349368-2,1361.26
1,Jacobo McGarrity,jmcgarrity18@furl.net,+50377913161,42089459-1,949.05
2,Mitchel Sivil,msivil19@nifty.com,+50320898126,51683007-0,1025.84
6,Mikey Melbert,mmelbert1a@google.co.uk,+50328827350,85422300-3,703.01
1,Artemis Willoway,awilloway1b@eepurl.com,+50360353077,27570335-4,927.51
8,Cassandra Zealander,czealander1c@reuters.com,+50366371765,27058375-2,1071.49
9,Danice Maslen,dmaslen1d@dedecms.com,+50326244920,69303800-2,1018.88
1,Gayler Leeb,gleeb1e@sogou.com,+50364133816,70222918-9,1451.38
1,Nerti Beese,nbeese1f@pen.io,+50375319620,15650369-9,475.34
8,Byram Latty,blatty1g@businessinsider.com,+50329702353,62945267-9,1438.55
7,Freddie Latimer,flatimer1h@exblog.jp,+50325282582,14900378-1,1193.41
8,Ondrea Griffitt,ogriffitt1i@scribd.com,+50362219094,96913208-5,963.4
10,Rufe Leyban,rleyban1j@ucsd.edu,+50323878251,06903389-8,1219.86
2,Kirsteni Pecha,kpecha1k@yelp.com,+50375253928,94440331-0,628.39
4,Bren Dugall,bdugall1l@behance.net,+50325970879,48454781-3,1390.5
7,Jeramie Shirley,jshirley1m@artisteer.com,+50370349714,36568069-5,631.47
9,Shanan Tilley,stilley1n@wix.com,+50323651670,24596396-8,1384.64
3,Nari I'anson,nianson1o@pbs.org,+50374560949,63043673-2,868.64
6,Zulema Gammon,zgammon1p@archive.org,+50324988076,71773002-5,393.33
6,Valentin Golt,vgolt1q@netscape.com,+50373774452,06145571-9,661.26
5,Vachel McIlwrath,vmcilwrath1r@netvibes.com,+50366134816,63163927-6,1393.58
2,Theodor Balsdone,tbalsdone1s@bravesites.com,+50327876747,73776565-8,1050.78
2,Nicki De Carlo,nde1t@ucoz.ru,+50368307062,10083410-8,1353.81
4,Datha Keizman,dkeizman1u@webmd.com,+50376157195,16816392-9,1224.13
5,Sybille Saturley,ssaturley1v@webnode.com,+50374029997,93029079-4,530.73
2,Lexi Mullin,lmullin1w@printfriendly.com,+50370312758,61371328-3,494.18
6,Rip Blaney,rblaney1x@oaic.gov.au,+50376565981,75600198-8,1170.43
5,Hans Janczewski,hjanczewski1y@usa.gov,+50368713540,68690403-2,757.15
6,Carie Yole,cyole1z@stanford.edu,+50323689391,97810330-6,758.53
3,Gilbertina Duiguid,gduiguid20@dedecms.com,+50322281967,75927685-7,1068.5
10,Cathryn Laurenzi,claurenzi21@cbc.ca,+50322452577,06418240-7,665.8
1,Gwenny Pegden,gpegden22@bing.com,+50360759747,28061912-3,1068.83
1,Judd Conman,jconman23@paginegialle.it,+50366081613,20366496-0,1398.09
3,Roger Neighbour,rneighbour24@1688.com,+50368392213,20840009-5,496.4
10,Simone Brownsmith,sbrownsmith25@who.int,+50373750689,43758580-0,631.95
10,Constancy Waylen,cwaylen26@constantcontact.com,+50326772901,12469153-5,1375.4
6,Bronnie Foulkes,bfoulkes27@ezinearticles.com,+50328162231,94748629-2,1083.18
5,Nevile Roots,nroots28@nsw.gov.au,+50361846051,36468031-8,525.32
6,Nels Sieb,nsieb29@issuu.com,+50363919392,51439832-7,649.37
1,Kriste Samudio,ksamudio2a@google.co.uk,+50361156789,12260890-6,619.73
2,Aluino Stickler,astickler2b@globo.com,+50369102362,54306682-8,878.75
4,Madel Tower,mtower2c@bbb.org,+50375415748,58646635-1,824.24
10,Zebulen Varnes,zvarnes2d@homestead.com,+50325074869,69410397-3,778.51
9,Dotty Diggins,ddiggins2e@bloglines.com,+50360584012,52988977-6,1379.26
10,Alexina Taplow,ataplow2f@army.mil,+50328267748,15852126-0,411.67
3,Orbadiah Adnett,oadnett2g@delicious.com,+50375166742,44012689-5,573.76
2,Anabel Voysey,avoysey2h@tripod.com,+50369900769,48855700-7,1204.95
8,Lindsay Palluschek,lpalluschek2i@sogou.com,+50367871677,93610093-2,1330.78
4,Verney Maccaddie,vmaccaddie2j@yahoo.com,+50366791290,65239233-5,693.77
8,Sancho Infante,sinfante2k@telegraph.co.uk,+50324361769,92364154-5,1476.16
3,Lenci Aslie,laslie2l@china.com.cn,+50374472094,20545987-7,491.28
2,Sarene Bocken,sbocken2m@nasa.gov,+50321700498,77101394-5,1402.63
3,Norbert Ianelli,nianelli2n@mtv.com,+50325722454,74788619-2,693.66
9,Augustina Muckle,amuckle2o@npr.org,+50328038718,11609510-3,1093.97
6,Emanuel Bricham,ebricham2p@tripadvisor.com,+50320601412,65599538-1,921.28
3,Eachelle Seel,eseel2q@reverbnation.com,+50323643137,10363303-8,1397.39
1,Clementia Judgkins,cjudgkins2r@omniture.com,+50376558821,95661027-5,1008.29
4,Terrence Cornwell,tcornwell2s@bbc.co.uk,+50379089192,52798132-4,693.57
5,Mellisent Windrass,mwindrass2t@webmd.com,+50327991264,82117029-3,456.98
10,Madelina Arrault,marrault2u@latimes.com,+50371168062,69523843-3,467.52
4,Kellsie Uglow,kuglow2v@constantcontact.com,+50361749311,60916718-6,826.43
5,Arlette De Cruz,ade2w@wisc.edu,+50361094764,37784685-1,1150.92
1,Tiffy Rainsbury,trainsbury2x@dyndns.org,+50367360473,93837829-8,497.57
10,Wally Dalling,wdalling2y@sphinn.com,+50379755282,57371888-7,1139.83
4,Gwenneth Lovell,glovell2z@bigcartel.com,+50361983345,63137724-2,763.13
8,Michaela Domengue,mdomengue30@japanpost.jp,+50370637975,36926748-4,1136.61
10,Florian Menichi,fmenichi31@nih.gov,+50373772362,59375356-0,742.92
3,Jessika Davidofski,jdavidofski32@google.cn,+50329458517,62425861-4,1188.38
9,Carry Kilduff,ckilduff33@guardian.co.uk,+50376207694,12268638-7,1101.92
9,Roosevelt Antonacci,rantonacci34@bravesites.com,+50377858066,70238138-5,828.32
2,Yasmin Kyle,ykyle35@un.org,+50327940053,13038116-1,695.26
10,Sebastien Suttie,ssuttie36@seattletimes.com,+50320729646,01865600-3,791.76
10,Christi Surgood,csurgood37@themeforest.net,+50364925497,09470914-8,653.78
5,Nissa Jelkes,njelkes38@51.la,+50321402504,86656923-5,622.14
3,Hedwiga Clemendet,hclemendet39@unc.edu,+50379311737,29984833-2,492.16
1,Belicia Feast,bfeast3a@vimeo.com,+50375478255,84708147-8,1124.87
4,Burnaby Treace,btreace3b@list-manage.com,+50327251246,99415496-1,651.77
4,Clayton Konke,ckonke3c@princeton.edu,+50375919316,86191271-9,1243.33
9,Berti Jevon,bjevon3d@youtube.com,+50327097811,41749918-6,1074.85
10,Megan Shipsey,mshipsey3e@theguardian.com,+50372533662,97462126-5,963.73
9,Fields Vallentin,fvallentin3f@alexa.com,+50375835829,91519641-7,1310.08
1,Johny Cosby,jcosby3g@topsy.com,+50378552202,37338526-9,434.71
1,Caprice Dodson,cdodson3h@java.com,+50364034080,54190726-7,562.09
4,Peg Capp,pcapp3i@google.com.br,+50367443639,74133089-0,534.29
9,Lidia Egdale,legdale3j@skype.com,+50327817736,09259961-9,520.68
3,Jaquenetta Leckie,jleckie3k@wikispaces.com,+50321635491,56881596-9,756.84
2,Cati Darlington,cdarlington3l@fotki.com,+50369271127,72851311-9,1173.3
6,Kaylil Tern,ktern3m@furl.net,+50369608047,01169947-2,923.47
4,Berri Piris,bpiris3n@technorati.com,+50379449998,30458493-9,960.72
6,Rozele Ledwidge,rledwidge3o@wikispaces.com,+50376165960,14781366-6,952.75
9,Marcelline Pifford,mpifford3p@cisco.com,+50373002881,33398977-3,955.36
10,Glennis Steptowe,gsteptowe3q@theglobeandmail.com,+50329976141,89713841-7,610.99
4,Jena Peirone,jpeirone3r@dagondesign.com,+50369479806,58919249-7,918.2
9,Brianna Swede,bswede3s@mail.ru,+50371633263,61321459-1,1387.21
6,Melodie D'Ruel,mdruel3t@virginia.edu,+50370280871,29478978-0,1203.99
1,Constantine Silveston,csilveston3u@zdnet.com,+50363809115,18657999-3,1404.08
3,Vivyanne Petrescu,vpetrescu3v@goo.gl,+50375100814,90288311-6,1059.16
4,Sheridan Dows,sdows3w@nifty.com,+50328405054,33513213-4,1097.38
4,Delilah Churchyard,dchurchyard3x@businesswire.com,+50367278311,79513118-3,640.71
9,Antoinette Couvert,acouvert3y@intel.com,+50325215883,53694615-8,1348.99
3,Henrie Dyos,hdyos3z@1688.com,+50377134824,83293674-3,561.49
3,Ingeberg Klink,iklink40@google.co.jp,+50320161848,29065270-0,525.15
1,Myrtle Armfirld,marmfirld41@joomla.org,+50374738725,51797887-3,617.44
5,Edd Peat,epeat42@aol.com,+50364750078,59339031-8,1246.42
10,Nichole Searchwell,nsearchwell43@blinklist.com,+50376114145,99708668-7,1431.66
7,Lilllie Hugill,lhugill44@flavors.me,+50366397962,67370893-0,512.16
8,Stacey Topper,stopper45@microsoft.com,+50374442147,27284733-3,1450.07
8,Saba Harsnipe,sharsnipe46@liveinternet.ru,+50365545204,75405971-3,695.55
7,Hyacinthie Carleman,hcarleman47@edublogs.org,+50375628623,38035769-2,1039.45
6,Emma Pym,epym48@bandcamp.com,+50375688035,93048093-8,512.53
6,Bert Roper,broper49@bbc.co.uk,+50374754991,23354278-2,838.14
8,Baxy Masham,bmasham4a@bing.com,+50360333942,75378628-7,1028.0
8,Peggy Fance,pfance4b@linkedin.com,+50363316150,83043118-3,444.32
4,Danit Woofenden,dwoofenden4c@tamu.edu,+50369799044,76548742-1,1352.84
9,Clay Guinness,cguinness4d@amazon.com,+50361491676,22602963-7,1477.82
7,Carree Sporner,csporner4e@uiuc.edu,+50360093222,05554432-9,679.05
10,Luke Fryer,lfryer4f@hibu.com,+50376604854,72486148-0,1477.13
5,Rhoda Sammons,rsammons4g@prweb.com,+50363532666,44584852-0,1095.06
1,Minna Mackinder,mmackinder4h@oakley.com,+50363576971,40919155-9,794.54
1,Madeline Stiffell,mstiffell4i@archive.org,+50366275806,29511701-2,996.91
4,Phylis Jobin,pjobin4j@dion.ne.jp,+50364315610,52282209-2,446.17
5,Page Simla,psimla4k@miitbeian.gov.cn,+50320089503,67595170-2,996.0
10,Sherrie Mussilli,smussilli4l@mit.edu,+50328987342,81097791-2,1108.02
9,Jimmie Missington,jmissington4m@blinklist.com,+50371469012,04806379-1,1008.31
10,Gwenette Manthroppe,gmanthroppe4n@abc.net.au,+50368034859,62012893-2,960.11
2,Quincy Lancett,qlancett4o@reuters.com,+50326759825,82146427-6,1185.07
8,Thea Farrow,tfarrow4p@parallels.com,+50367806559,36782088-0,405.75
7,Janel Relf,jrelf4q@dot.gov,+50377469248,91351250-0,1454.13
10,Darrick Ballach,dballach4r@goo.ne.jp,+50368412598,67822118-6,454.67
8,Toddy Cowthart,tcowthart4s@un.org,+50374703627,70310729-7,1020.5
7,Aili Hurkett,ahurkett4t@tripadvisor.com,+50320366036,85770667-1,1094.52
1,Sebastiano Rulf,srulf4u@sakura.ne.jp,+50377940726,78243461-3,479.04
6,Morie Fernanando,mfernanando4v@gizmodo.com,+50374928463,44626987-8,1092.68
9,Dianna Piel,dpiel4w@nhs.uk,+50376521545,14254968-3,1197.27
3,Gipsy Manolov,gmanolov4x@amazon.de,+50373631306,01999078-3,1042.88
10,Eduardo Sponer,esponer4y@artisteer.com,+50322124489,56919883-0,789.85
9,Frans Conklin,fconklin4z@abc.net.au,+50378493899,86319335-8,1227.87
5,Florida Rowling,frowling50@ycombinator.com,+50320149623,72618847-2,981.94
2,Ives Casford,icasford51@nydailynews.com,+50327739873,67923639-9,448.46
9,Erna Dabner,edabner52@intel.com,+50329146565,92109417-8,1014.21
4,Marcellus Cheyenne,mcheyenne53@google.co.uk,+50320524723,00572976-2,976.35
10,Saunders Rathbourne,srathbourne54@yahoo.co.jp,+50368782949,84415195-2,655.33
7,Nichole Ianson,nianson55@abc.net.au,+50323238459,01139377-3,1323.01
4,Christoper Filoniere,cfiloniere56@moonfruit.com,+50326792647,42742121-3,848.56
6,Bert Crumb,bcrumb57@usa.gov,+50329344687,04032320-3,1195.04
6,Gladi Hagart,ghagart58@chicagotribune.com,+50374271761,49642781-9,1314.47
1,Ruperta Woofinden,rwoofinden59@yahoo.com,+50328661039,14691713-8,1125.0
10,Kristel Somers,ksomers5a@mozilla.org,+50325431844,57111954-8,775.7
1,Mechelle Ligertwood,mligertwood5b@house.gov,+50322016784,30721940-8,753.37
6,Odilia Maffi,omaffi5c@yellowpages.com,+50374593496,39976244-4,945.96
5,Madison Burns,mburns5d@wired.com,+50377741409,92911695-5,1070.99
7,Marieann Calbreath,mcalbreath5e@indiatimes.com,+50322761362,63642041-1,1147.31
2,Lottie De Coursey,lde5f@xrea.com,+50377587542,29558654-8,560.2
2,Gasparo Tsar,gtsar5g@statcounter.com,+50320839635,18696438-8,443.83
3,Nikolos Sugarman,nsugarman5h@furl.net,+50377180350,21321891-6,675.14
3,Bert Plumb,bplumb5i@taobao.com,+50324400609,47405021-6,1030.44
1,Herc Olpin,holpin5j@squarespace.com,+50368426049,02232880-1,1155.19
6,Ashla Giriardelli,agiriardelli5k@newyorker.com,+50376251357,22072800-8,750.24
4,Goldie Burril,gburril5l@oracle.com,+50327947537,79454274-6,1383.78
4,Kristo Lilion,klilion5m@technorati.com,+50365267493,00465045-4,558.05
4,Faythe Turneaux,fturneaux5n@etsy.com,+50378318236,12952448-9,1239.09
9,Baudoin Strangman,bstrangman5o@columbia.edu,+50374491930,84437135-3,814.08
10,Jacquelyn Jeffress,jjeffress5p@google.co.uk,+50365921257,52330130-5,584.38
1,Stearne Padillo,spadillo5q@chronoengine.com,+50325397053,29140374-7,704.14
3,Colene Jordi,cjordi5r@slate.com,+50327437239,09347948-1,786.11
4,Shandra Sorrell,ssorrell5s@paginegialle.it,+50322538526,66932301-1,1036.95
10,Nessie Shitliff,nshitliff5t@lulu.com,+50377340517,05360775-2,437.26
8,Sampson Shrubb,sshrubb5u@about.com,+50361784061,44338044-3,1112.77
9,Blanch Alexsandrev,balexsandrev5v@alexa.com,+50375983247,44551869-1,1119.36
9,Darius Rosier,drosier5w@discovery.com,+50361685581,34251383-4,470.74
9,Giselbert Kirkland,gkirkland5x@auda.org.au,+50323507749,20796204-3,1139.91
8,Konstantin Hunday,khunday5y@elpais.com,+50322162513,32338224-2,1342.93
6,Christye MacCallam,cmaccallam5z@admin.ch,+50373614770,98818079-2,582.8
8,Indira Pasmore,ipasmore60@businesswire.com,+50371138758,52500976-6,911.61
5,Byran Aucott,baucott61@rakuten.co.jp,+50369139830,19777689-7,388.28
6,Mikkel Scrace,mscrace62@bluehost.com,+50377525068,87936917-7,983.27
7,Crissy Stirley,cstirley63@a8.net,+50376601118,88128678-1,1241.3
3,Nert Smallshaw,nsmallshaw64@tuttocitta.it,+50327634791,52518655-5,768.95
3,Hartwell Gowlett,hgowlett65@gmpg.org,+50366668617,74129873-5,1047.24
4,Kirby Wudeland,kwudeland66@google.co.jp,+50326688615,96235002-3,743.55
2,Tremain Solland,tsolland67@springer.com,+50377798394,16194641-0,737.26
9,Valdemar Treversh,vtreversh68@google.ru,+50366268515,85794071-8,648.24
9,Edwin Mattschas,emattschas69@mit.edu,+50325827793,05707686-6,824.22
3,Angelique Hemstead,ahemstead6a@soup.io,+50376512823,45331572-5,1400.42
4,Lita Seery,lseery6b@wikimedia.org,+50373133923,37255863-5,1189.4
6,Dela McQuillen,dmcquillen6c@trellian.com,+50366931651,47241248-0,644.66
3,Kitty Olenchenko,kolenchenko6d@mashable.com,+50372826758,10010120-1,481.09
6,Carmelle Steel,csteel6e@linkedin.com,+50375505396,28810053-3,1179.99
8,Ros Purcell,rpurcell6f@tinypic.com,+50366107987,32675698-3,1109.61
8,Lois Cuer,lcuer6g@cdbaby.com,+50363101456,58258085-6,644.72
3,Reed Shadwick,rshadwick6h@constantcontact.com,+50373917874,44791516-5,527.48
8,Gunner Benzie,gbenzie6i@samsung.com,+50372148825,36500849-7,614.07
8,Blanche Amer,bamer6j@webs.com,+50372624036,56614615-4,715.2
2,Georgette Ordelt,gordelt6k@flavors.me,+50326633603,79684489-5,634.04
7,Valli Levick,vlevick6l@theglobeandmail.com,+50375066321,23292139-7,821.63
4,Giordano Calvard,gcalvard6m@phpbb.com,+50371534412,17821811-4,740.93
8,Ikey Hasser,ihasser6n@yolasite.com,+50320338407,94004103-6,855.79
6,Riordan Enos,renos6o@discovery.com,+50369381690,69743576-4,651.36
10,Raffaello Whitney,rwhitney6p@cnn.com,+50374595422,52199677-3,1236.92
5,Harcourt Ahrendsen,hahrendsen6q@amazonaws.com,+50360066660,54018601-7,919.83
8,Chicky Calwell,ccalwell6r@instagram.com,+50375543519,73246740-2,1188.01
2,Jaimie Stammer,jstammer6s@wix.com,+50324667551,84644954-8,521.56
10,Adam Amoore,aamoore6t@geocities.com,+50362944303,47313634-0,561.34
4,Urbanus Burrow,uburrow6u@alibaba.com,+50360120179,87540757-2,1475.91
2,Lorette Iiannoni,liiannoni6v@businessweek.com,+50328690238,91717690-9,566.03
8,Patience Synnott,psynnott6w@mtv.com,+50365038907,68556663-8,1409.73
2,Celie Gomery,cgomery6x@theatlantic.com,+50379946597,08014350-9,1310.27
7,Mandel Kubas,mkubas6y@marketwatch.com,+50370799852,95796827-2,564.6
2,Irv Henrionot,ihenrionot6z@odnoklassniki.ru,+50324650951,24183153-5,1358.08
2,Murdoch Kirckman,mkirckman70@usatoday.com,+50361117308,15849552-1,1293.94
2,Sammy Bladder,sbladder71@sohu.com,+50379611038,50109319-3,1368.14
10,Cecily Montfort,cmontfort72@studiopress.com,+50326554215,52096376-0,1290.33
4,Stu Josskoviz,sjosskoviz73@kickstarter.com,+50377763037,20576825-7,1435.61
9,Wilie Snarr,wsnarr74@china.com.cn,+50323445888,21871693-8,383.74
9,Jaymee Todhunter,jtodhunter75@gov.uk,+50375187682,01912909-3,964.3
2,Bonita Rosewall,brosewall76@dion.ne.jp,+50326264104,33361452-3,994.11
8,Salli Grebbin,sgrebbin77@accuweather.com,+50373841482,22200702-5,488.47
2,Camile Corbert,ccorbert78@yandex.ru,+50364957324,59031640-6,1018.41
1,Melessa Marfe,mmarfe79@webnode.com,+50320815041,17481201-2,906.57
1,Ulises Tapenden,utapenden7a@trellian.com,+50376088224,29720796-7,1277.9
4,Wenona Cowherd,wcowherd7b@tinypic.com,+50324645612,09539275-4,1479.03
5,Alejandra Iacovazzi,aiacovazzi7c@slideshare.net,+50328229297,44028327-9,791.18
6,Sheff Bolliver,sbolliver7d@yandex.ru,+50324113549,54717192-0,539.51
10,Cayla Simpkin,csimpkin7e@people.com.cn,+50373140441,82303680-5,769.17
2,Freddi Leason,fleason7f@slideshare.net,+50366727242,53559845-7,1439.48
10,Phedra Jedrych,pjedrych7g@dion.ne.jp,+50328080131,79788818-1,377.35
5,Haven Blaydes,hblaydes7h@w3.org,+50327473628,07162608-9,859.44
10,Truda Sessions,tsessions7i@tmall.com,+50360596502,57918685-3,1296.82
9,Patten Godspeede,pgodspeede7j@com.com,+50368697652,13608141-9,505.63
8,Astrid Stothard,astothard7k@boston.com,+50372717143,60070154-0,1232.51
6,Jinny Matyushkin,jmatyushkin7l@soup.io,+50372022074,45929061-8,919.66
1,Conrado Pantecost,cpantecost7m@so-net.ne.jp,+50374617398,87910329-5,366.93
1,Dollie Baszkiewicz,dbaszkiewicz7n@networkadvertising.org,+50361916624,05181373-3,1132.42
5,Arlena Sammars,asammars7o@cbslocal.com,+50374329077,90523648-5,863.81
5,Deloria Clarae,dclarae7p@nhs.uk,+50322836235,28657886-4,1420.15
1,Darryl Rowen,drowen7q@webeden.co.uk,+50364486989,80551775-2,1350.07
7,Conny Ivanov,civanov7r@ebay.co.uk,+50365782716,05528073-5,442.2
3,Myrna Paoletti,mpaoletti7s@com.com,+50327776837,87841753-1,1356.83
4,Mahmud Origin,morigin7t@archive.org,+50376036683,05996807-7,992.55
5,Janessa Teideman,jteideman7u@hostgator.com,+50376259084,20155113-1,1201.92
7,Nicol Streather,nstreather7v@go.com,+50368762327,84976111-7,1140.98
8,Brandyn Smail,bsmail7w@bandcamp.com,+50360457826,17963694-4,1489.34
5,Waring Filpo,wfilpo7x@google.ca,+50367392564,13625130-4,706.87
5,Ida Edwicker,iedwicker7y@xing.com,+50372236171,50465468-5,1072.93
3,Elvera Kern,ekern7z@latimes.com,+50375890808,33847363-4,1137.33
8,Thorstein Cottel,tcottel80@webnode.com,+50360965837,15626934-6,1056.5
3,Darnell Normanville,dnormanville81@intel.com,+50363259625,68712940-9,1397.04
9,Aron Dashper,adashper82@wix.com,+50379832453,43611161-5,709.66
7,Frazer Manass,fmanass83@networkadvertising.org,+50370590702,09011067-7,1115.31
8,Ingra Lilburn,ililburn84@quantcast.com,+50323080591,06698730-0,383.4
7,Lucas Folbigg,lfolbigg85@wufoo.com,+50371457835,55422101-5,1123.42
5,Lita Gerasch,lgerasch86@princeton.edu,+50320120413,39453840-8,871.19
3,Renell Dionsetto,rdionsetto87@lulu.com,+50373440667,90963251-0,1187.27
10,Bab Boarder,bboarder88@imageshack.us,+50364360039,51715618-5,547.56
4,Winslow MacCahee,wmaccahee89@newyorker.com,+50369100966,39943600-6,1086.53
6,Joan Ducker,jducker8a@digg.com,+50322733745,86963034-1,1482.86
1,Barbee Tape,btape8b@t.co,+50365131144,07883576-6,682.27
7,Dulcinea Carletto,dcarletto8c@ebay.com,+50370589512,91639949-4,529.39
5,Jenn Cobain,jcobain8d@typepad.com,+50329204991,32861622-0,932.07
10,Corissa Danzelman,cdanzelman8e@soup.io,+50364902275,78660154-2,1405.39
4,Terrance Dudbridge,tdudbridge8f@infoseek.co.jp,+50363856965,03390087-8,682.31
2,Hamnet Sturror,hsturror8g@canalblog.com,+50377668230,36390191-5,735.22
1,Janis Aldred,jaldred8h@creativecommons.org,+50321336017,61168067-3,739.65
8,Juliane Jobson,jjobson8i@i2i.jp,+50363294781,72793242-7,502.86
2,Leelah Balm,lbalm8j@ihg.com,+50320096244,18857043-5,1164.75
6,Bernadina Dix,bdix8k@youtu.be,+50322179037,93893693-7,1375.55
3,Mohammed Everix,meverix8l@auda.org.au,+50363952288,36920610-2,1090.62
7,Ad Dodson,adodson8m@dell.com,+50374901661,23915005-4,884.9
7,Eba Wiffen,ewiffen8n@arstechnica.com,+50371018202,46822531-3,1291.44
5,Hank Trodler,htrodler8o@chicagotribune.com,+50379873603,33086066-8,1290.04
2,Bayard Spain-Gower,bspaingower8p@ibm.com,+50371433964,28861152-5,906.49
9,Eydie Stearley,estearley8q@chron.com,+50326341954,82170046-0,526.43
3,Brose Shutler,bshutler8r@ning.com,+50321112385,51722673-9,370.64
9,Clemens Von Der Empten,cvon8s@cnbc.com,+50367857320,20640523-7,453.57
3,Waylan Bovingdon,wbovingdon8t@toplist.cz,+50377929284,69127333-2,521.66
3,Cate Larroway,clarroway8u@blogs.com,+50361989584,81367875-3,710.0
8,Theressa Zannutti,tzannutti8v@howstuffworks.com,+50329570017,26508828-6,418.14
5,Reese Deason,rdeason8w@merriam-webster.com,+50326913981,58177886-4,581.02
2,Tedmund Rother,trother8x@blog.com,+50322828603,64088502-8,751.81
5,Trudey Grange,tgrange8y@auda.org.au,+50360918793,53168321-5,791.95
6,Diego Mackro,dmackro8z@vistaprint.com,+50325607317,66811305-3,1134.24
6,Allyce Ingleton,aingleton90@mozilla.com,+50379108972,33694538-5,1011.2
5,Trudie Zanuciolii,tzanuciolii91@globo.com,+50364375174,97648560-3,574.36
9,Keven Kehri,kkehri92@nytimes.com,+50364859671,30833164-8,443.98
5,Birdie Keme,bkeme93@toplist.cz,+50362997714,98217920-7,1037.91
2,Kellie Castelain,kcastelain94@cbsnews.com,+50378959033,54699508-3,1483.41
7,Reena Itscovitz,ritscovitz95@examiner.com,+50376469079,77680932-3,1102.06
2,Lock Sharratt,lsharratt96@ifeng.com,+50326101879,25357802-1,647.87
1,Taylor Havoc,thavoc97@webnode.com,+50323371194,83773195-0,514.19
7,Barbara-anne Alcock,balcock98@cdbaby.com,+50374754808,38595741-4,1058.29
3,Nita Allder,nallder99@gravatar.com,+50372379524,99601934-8,1279.01
1,Bordie Moye,bmoye9a@lulu.com,+50328044239,59175845-7,1060.67
1,Tommy Craighall,tcraighall9b@statcounter.com,+50365806457,42272003-0,1185.14
1,Quincey Brightey,qbrightey9c@youku.com,+50372436691,16324718-2,744.5
4,Gerardo Guenther,gguenther9d@facebook.com,+50379663613,23484450-2,1124.87
3,Gregoor Fuke,gfuke9e@mashable.com,+50372622175,04933024-5,1119.46
1,Eziechiele Ashwell,eashwell9f@adobe.com,+50325117698,29240367-0,1134.45
2,Cirillo Deschelle,cdeschelle9g@comsenz.com,+50326819626,05290953-4,843.71
10,Daphene Dwane,ddwane9h@paginegialle.it,+50366225682,74723120-4,675.55
2,Renado Buxcy,rbuxcy9i@google.com.hk,+50361352938,00722161-8,522.42
9,Drew Shakle,dshakle9j@mit.edu,+50368466989,45327639-5,1360.18
9,Dorthy Le Barre,dle9k@illinois.edu,+50366682971,89270397-7,827.91
9,Franklin Dytham,fdytham9l@zimbio.com,+50325854141,78425429-7,567.56
9,Larissa Tearle,ltearle9m@sakura.ne.jp,+50373427829,49051922-6,383.17
6,Pasquale Wheelhouse,pwheelhouse9n@narod.ru,+50327464350,26702421-6,1329.69
10,Addia Shenton,ashenton9o@patch.com,+50328587175,67608012-8,869.19
8,Evin Le Marchant,ele9p@cafepress.com,+50375157693,01533427-3,673.17
7,Arne Evanson,aevanson9q@drupal.org,+50378128140,93810407-7,1483.46
6,Guillaume McGeachey,gmcgeachey9r@irs.gov,+50328088855,51163718-0,770.83
3,Honey Cleevely,hcleevely9s@reverbnation.com,+50360508245,83232317-9,1142.27
8,Nealy Brecknell,nbrecknell9t@typepad.com,+50322779567,57239957-7,636.29
6,Fairleigh Simanek,fsimanek9u@soup.io,+50360463542,55791506-1,668.23
5,Elli Pickton,epickton9v@bbb.org,+50363931780,88123813-7,379.16
4,Gawen Jindrich,gjindrich9w@ox.ac.uk,+50377520972,22361285-0,1438.17
5,Amery Castelyn,acastelyn9x@toplist.cz,+50323666265,62305343-9,535.35
5,Andris Ibbott,aibbott9y@examiner.com,+50369496224,32189364-1,1099.11
6,Gertie Cardall,gcardall9z@wordpress.com,+50329454199,44546817-3,1461.49
6,Paolina Heaps,pheapsa0@cdc.gov,+50364187508,66918601-7,993.89
9,Alexei Richmont,arichmonta1@google.nl,+50324892075,24907499-4,816.5
6,Shelly Lagadu,slagadua2@last.fm,+50324174383,59715526-8,566.58
7,Valentijn Rollett,vrolletta3@zimbio.com,+50377664268,24849880-1,595.68
7,Lamond Ernke,lernkea4@uiuc.edu,+50376564261,37987915-8,462.12
10,Randall Edmans,redmansa5@narod.ru,+50320597987,16884141-2,393.54
6,Maurice Eastment,meastmenta6@chronoengine.com,+50360177732,84866484-7,1432.07
3,Garik Syphas,gsyphasa7@w3.org,+50360526775,77708807-7,1473.67
10,Basilio Manjot,bmanjota8@gov.uk,+50366096153,89342742-7,427.82
7,Aldridge Niven,anivena9@stanford.edu,+50364972448,10928822-1,1334.94
4,Amitie Haxell,ahaxellaa@blogs.com,+50328771587,01157561-1,549.91
6,Meggie McClean,mmccleanab@europa.eu,+50322636675,49245929-7,872.53
10,Rupert Anear,ranearac@businessinsider.com,+50366549590,81835697-6,793.49
5,Katine Hatchard,khatchardad@arstechnica.com,+50375818969,76230780-5,549.07
4,Donielle Chidgey,dchidgeyae@ca.gov,+50371154640,17425958-7,1259.6
6,Nertie McGrotty,nmcgrottyaf@intel.com,+50323918824,37003680-8,1171.02
8,Lizzy Scrimshaw,lscrimshawag@t.co,+50323074124,96196611-7,460.72
2,Georgi Douce,gdouceah@seesaa.net,+50364403933,19548598-6,958.97
1,Gae Blankenship,gblankenshipai@cornell.edu,+50373629447,78083009-2,397.94
2,Von Whitefoot,vwhitefootaj@woothemes.com,+50320829145,55885800-8,973.67
9,Sile Jirka,sjirkaak@about.me,+50376865365,10542439-2,1307.38
3,Randell Cordingly,rcordinglyal@earthlink.net,+50322370326,50504268-5,489.29
2,Eimile Shory,eshoryam@altervista.org,+50325670811,43453114-1,775.17
7,Saleem Rowlings,srowlingsan@shareasale.com,+50375964872,72211746-3,1275.66
4,Nina McCreary,nmccrearyao@baidu.com,+50365917419,38956973-8,436.51
8,Carolina Tomasik,ctomasikap@paypal.com,+50328227602,97585968-8,1147.88
10,Vonnie Keddie,vkeddieaq@amazon.co.jp,+50363475887,22202683-8,1179.8
10,Gaston Bleackley,gbleackleyar@hibu.com,+50327659197,44466065-4,1323.49
7,Fanya Starkie,fstarkieas@paypal.com,+50366583474,20782733-7,1324.47
5,Wilbur Lamberth,wlamberthat@upenn.edu,+50329319926,99957196-4,1100.94
1,Devonne Nickless,dnicklessau@rediff.com,+50372042489,89145692-2,1028.22
6,Lu Vernazza,lvernazzaav@reuters.com,+50321531553,62629292-9,527.41
5,Kaleena Patient,kpatientaw@theglobeandmail.com,+50373594290,40399456-5,1324.96
8,Ronni Ourtic,rourticax@phoca.cz,+50368174346,62628971-2,980.95
1,Hewett Tomlin,htomlinay@alibaba.com,+50366620569,62959047-8,826.03
2,Howie Veelers,hveelersaz@eventbrite.com,+50320747695,69187888-7,1474.0
7,Lindi Shiril,lshirilb0@biglobe.ne.jp,+50329116067,16600945-2,1049.75
7,Gaile Dunnico,gdunnicob1@google.com.br,+50322601973,90297027-8,1407.73
5,Angelique Houdmont,ahoudmontb2@google.nl,+50321866569,96423809-6,664.69
10,Hesther Kahane,hkahaneb3@163.com,+50360489783,67098092-2,1114.61
3,Verna Husselbee,vhusselbeeb4@dot.gov,+50370485459,54538959-8,1316.14
10,Tricia Eager,teagerb5@dedecms.com,+50328770221,64807574-7,1348.4
9,Hedvige Tomaszczyk,htomaszczykb6@dagondesign.com,+50369149625,45069989-9,818.25
1,Murdoch Arsmith,marsmithb7@sciencedirect.com,+50371016855,08268741-8,1245.92
1,Renaldo Rockwell,rrockwellb8@blogtalkradio.com,+50362619188,79520425-0,546.28
2,Corrine Blick,cblickb9@senate.gov,+50379642438,28328870-6,390.45
5,Bev Allflatt,ballflattba@zimbio.com,+50321172436,48986249-3,885.48
10,Kippie Hasely,khaselybb@seattletimes.com,+50324501003,48701030-7,783.16
8,Morris Parmby,mparmbybc@buzzfeed.com,+50325162377,53232843-4,1436.27
6,Bartholemy McCallister,bmccallisterbd@elegantthemes.com,+50377430901,51253872-0,1446.83
6,Rubi Gustus,rgustusbe@hc360.com,+50364821365,03103455-4,980.83
1,Devina Mossman,dmossmanbf@nationalgeographic.com,+50377959870,72075073-3,1075.52
10,Lynna Borthwick,lborthwickbg@sitemeter.com,+50369616138,50194439-9,1246.29
4,Cob Goford,cgofordbh@archive.org,+50379567875,00107510-4,1013.43
8,Doro Peteri,dpeteribi@vimeo.com,+50369451693,34260805-5,1107.53
2,Madelina Dodworth,mdodworthbj@whitehouse.gov,+50370968498,41371046-1,622.89
8,Betty Shevell,bshevellbk@ed.gov,+50364940960,16593964-3,1079.65
6,Valeda Waldie,vwaldiebl@parallels.com,+50324910316,88085243-3,795.52
2,Avie Domican,adomicanbm@technorati.com,+50327111171,03417570-3,456.26
10,Douglass De la croix,ddebn@slideshare.net,+50379298123,09110303-4,895.87
9,Evey O'Crevy,eocrevybo@cnbc.com,+50362850647,83017093-2,400.36
7,Mandel Antyshev,mantyshevbp@posterous.com,+50327795072,23056864-1,813.44
6,Iseabal Vogeler,ivogelerbq@hud.gov,+50362944851,65042671-0,911.74
3,Ardella Wicken,awickenbr@360.cn,+50367131096,75519845-9,1007.54
8,Larissa Lecordier,llecordierbs@bluehost.com,+50375981512,05973555-8,561.29
1,Helsa Whyatt,hwhyattbt@usda.gov,+50361268361,15354766-5,784.27
7,Pietra Giacovelli,pgiacovellibu@cocolog-nifty.com,+50375135878,67537638-0,660.83
3,Drucie Forkan,dforkanbv@state.tx.us,+50328813500,24928469-9,954.1
4,Maryjo Hubberstey,mhubbersteybw@statcounter.com,+50379588607,69578509-4,1197.39
5,Bambie Noakes,bnoakesbx@virginia.edu,+50361361173,47224912-9,1269.08
6,Maud Bagot,mbagotby@etsy.com,+50379582907,72243450-0,1057.64
9,Jozef Leeson,jleesonbz@google.cn,+50326677903,33872126-6,762.23
5,Gabriela Bartleman,gbartlemanc0@addtoany.com,+50327148353,49018244-3,1398.11
5,Florance McKeran,fmckeranc1@skype.com,+50329351225,57184834-7,379.18
1,Jeffrey Wayvill,jwayvillc2@i2i.jp,+50375333938,38015668-1,1355.7
2,Vale Draxford,vdraxfordc3@chicagotribune.com,+50324339234,61600545-0,379.05
3,Simmonds Camblin,scamblinc4@hostgator.com,+50327380761,45068673-1,1497.76
8,Alberto Jeynes,ajeynesc5@a8.net,+50360261902,87305285-6,1306.76
3,Kristan Lording,klordingc6@answers.com,+50370474656,71876182-0,1436.88
5,Hyacinthie Mogg,hmoggc7@cyberchimps.com,+50326311562,10546884-2,703.73
7,Ferdie Laidler,flaidlerc8@mapy.cz,+50321424632,28119304-7,548.44
8,Gerick Speares,gspearesc9@xrea.com,+50367520773,18802384-2,1354.03
3,Michele Cory,mcoryca@opensource.org,+50328123926,33643759-8,553.97
9,Brook Shipp,bshippcb@soup.io,+50377239598,97600532-6,1393.67
3,Meagan Minichillo,mminichillocc@virginia.edu,+50375930221,59636746-5,835.8
3,Valli Fernihough,vfernihoughcd@twitpic.com,+50370274448,86144932-7,1463.03
4,Pamella Brumham,pbrumhamce@miitbeian.gov.cn,+50323594865,41472976-7,777.19
8,Dedie Cummine,dcumminecf@dion.ne.jp,+50322475643,22394475-0,966.37
4,Winnie Mankor,wmankorcg@google.com.au,+50374668737,28732680-6,1001.45
5,Shalom Heifer,sheiferch@vinaora.com,+50366663660,16054891-4,1116.87
8,Heall Harbage,hharbageci@cyberchimps.com,+50326341611,40256646-1,1426.38
7,Betteanne De Vaan,bdecj@miibeian.gov.cn,+50368298343,27542051-9,809.32
9,Ingamar Utting,iuttingck@mail.ru,+50369053268,72398770-5,673.27
7,Octavia Teall,oteallcl@jimdo.com,+50323562407,82629026-3,1167.39
4,Lynnelle Scholtis,lscholtiscm@newyorker.com,+50325593784,53068512-2,878.02
1,Herculie Hammond,hhammondcn@goodreads.com,+50327174730,31457377-9,1069.69
8,Meta Carradice,mcarradiceco@webnode.com,+50363284596,14394064-5,1217.15
8,Maribel Simukov,msimukovcp@webs.com,+50371193269,20465070-1,756.05
3,Darda Glenn,dglenncq@dell.com,+50323273867,48993504-1,839.33
5,Eustacia Domke,edomkecr@t-online.de,+50322134708,86798709-2,1257.12
6,Alejandra Geistbeck,ageistbeckcs@delicious.com,+50372974473,48244467-3,958.14
9,Corty Grayland,cgraylandct@springer.com,+50321467203,36613236-3,553.42
7,Nevins Tender,ntendercu@ed.gov,+50321146147,62283040-1,555.77
8,Saunder Cleef,scleefcv@bloglovin.com,+50368887102,70187880-6,1082.34
7,Puff Normabell,pnormabellcw@huffingtonpost.com,+50322665685,97695412-8,613.41
8,Noll Staddart,nstaddartcx@g.co,+50371917458,78554880-0,1055.9
1,Winn McKibbin,wmckibbincy@netlog.com,+50324585948,28605056-3,1079.67
6,Oliy Coyne,ocoynecz@usgs.gov,+50376374699,58851712-5,826.45
4,Marsh Ewing,mewingd0@edublogs.org,+50366785512,97812159-8,1334.06
1,Rosene Viel,rvield1@businesswire.com,+50370995660,51083357-9,587.37
7,Kareem Lummasana,klummasanad2@wunderground.com,+50327066628,11676316-6,399.19
5,Garth Stairmond,gstairmondd3@sphinn.com,+50373644980,42798828-9,842.06
5,Tim Campbell-Dunlop,tcampbelldunlopd4@oracle.com,+50369340354,74623569-8,1320.56
4,Griselda Cottam,gcottamd5@pagesperso-orange.fr,+50327515814,22509115-6,1068.73
7,Kaitlynn Whiskin,kwhiskind6@netvibes.com,+50368178399,22714299-1,907.67
1,Hayley Leggen,hleggend7@pen.io,+50324714749,96443119-9,506.04
9,Davey Sayer,dsayerd8@lulu.com,+50376869665,42944533-0,1227.61
10,Lethia Walewicz,lwalewiczd9@cnn.com,+50329061067,88048804-6,1201.11
4,Prudi Kabos,pkabosda@about.me,+50362425252,26746984-4,554.55
4,Davide Strutton,dstruttondb@nifty.com,+50376832102,89207817-7,786.81
5,Carolynn Overbury,coverburydc@hp.com,+50327962481,60868980-7,774.55
6,Carlene Eccott,ceccottdd@google.es,+50364812846,28088243-4,1154.53
6,Dionne Quested,dquestedde@i2i.jp,+50327235044,99396981-9,736.5
2,Elysha Haddy,ehaddydf@wiley.com,+50378840397,33503231-8,1143.18
2,Lorrie Raiston,lraistondg@mediafire.com,+50364267134,80936224-1,750.96
5,Roley Concannon,rconcannondh@tmall.com,+50370692623,44505250-3,1438.78
8,Dionis Szymanowicz,dszymanowiczdi@globo.com,+50378504025,60937695-8,1306.97
10,Jinny Paddle,jpaddledj@ibm.com,+50372287517,77710521-8,1046.5
7,Caterina Gladtbach,cgladtbachdk@surveymonkey.com,+50365419235,02320897-4,1127.98
8,Taylor Medler,tmedlerdl@cdbaby.com,+50322484169,97877850-4,611.43
4,Sylvester Blesli,sbleslidm@icq.com,+50366322565,94494930-8,1212.4
5,Dietrich Blurton,dblurtondn@tripod.com,+50369921998,10780133-8,1392.93
3,Jory Gilliard,jgilliarddo@edublogs.org,+50368469693,02742106-3,880.96
3,Tristam Norvell,tnorvelldp@flickr.com,+50367693203,59169307-5,1312.39
10,Delila Judkin,djudkindq@elpais.com,+50379612493,40030889-9,1171.92
7,Daphene Guiot,dguiotdr@chron.com,+50324247063,84105225-6,566.23
7,Vergil Kaesmakers,vkaesmakersds@usnews.com,+50321245027,01877196-1,1105.93
5,Reece Grayer,rgrayerdt@imgur.com,+50369740950,02703139-4,409.5
3,Conrad Hailston,chailstondu@mtv.com,+50323792618,97784575-4,1068.21
10,Cookie O'Doghesty,codoghestydv@slate.com,+50367203576,70440065-1,1261.47
6,Kaycee Spandley,kspandleydw@flickr.com,+50327032028,69773691-4,896.63
7,Franzen Kermott,fkermottdx@so-net.ne.jp,+50325571713,98530068-5,512.57
6,Orelie MacCorley,omaccorleydy@angelfire.com,+50366428982,73876041-6,542.6
3,Winni Fearn,wfearndz@usatoday.com,+50369144004,83906697-0,867.01
8,Lynnette Benoi,lbenoie0@cocolog-nifty.com,+50372849480,17021309-7,1052.15
4,Essa Haster,ehastere1@technorati.com,+50361958648,58227768-8,402.37
9,Stevana Hinckesman,shinckesmane2@ihg.com,+50366525119,16150905-4,1133.4
3,Adel Earengey,aearengeye3@cam.ac.uk,+50365919202,76223965-0,618.16
1,Aleece Collar,acollare4@rakuten.co.jp,+50378577319,75430141-6,1322.87
3,Kati Branca,kbrancae5@businessweek.com,+50324084720,59473166-4,745.14
7,Egbert Brayley,ebrayleye6@google.de,+50372575548,93696957-9,1369.74
5,Gloriana Delmage,gdelmagee7@businessinsider.com,+50327975023,20931938-3,1122.9
10,Zachary Reside,zresidee8@abc.net.au,+50373232545,33069912-9,1497.26
2,Delcine McKibbin,dmckibbine9@slashdot.org,+50369972514,37285636-2,599.93
6,Dodie Chamberlin,dchamberlinea@reuters.com,+50326976337,29191074-9,1332.81
2,Forster Offell,foffelleb@google.nl,+50326187034,47614453-8,1485.79
2,Quintin Bradbeer,qbradbeerec@imdb.com,+50324836355,96243220-8,381.28
5,Kingsley Brazier,kbraziered@yellowbook.com,+50361529144,22191552-9,1213.01
2,Dulcine Goodrum,dgoodrumee@tripod.com,+50324012840,19877801-5,1454.99
4,Ruy Coping,rcopingef@tmall.com,+50371533326,01103602-4,1324.28
7,Darlleen Wildber,dwildbereg@zdnet.com,+50374123865,27007574-9,1049.65
9,Gaby Poff,gpoffeh@g.co,+50324178346,00887772-0,828.27
3,Merrill Olkowicz,molkowiczei@timesonline.co.uk,+50369893032,78200894-7,1087.18
10,Winona Kasparski,wkasparskiej@shop-pro.jp,+50371242198,94748203-5,1024.66
5,Junina Manhare,jmanhareek@npr.org,+50379633261,01268276-0,1280.38
2,Erwin Lebourn,elebournel@economist.com,+50364922405,79422142-8,1193.0
7,Franciskus Enoksson,fenokssonem@twitter.com,+50367293717,73309862-2,1328.67
5,Ogden Timmes,otimmesen@dot.gov,+50323615344,17038660-7,379.41
5,Tildie Thumann,tthumanneo@army.mil,+50369237519,71681871-0,1416.0
1,Richie Lezemere,rlezemereep@nature.com,+50323258928,71092828-7,1077.4
3,Jobey Scoggan,jscogganeq@newsvine.com,+50369305301,57691413-9,507.01
2,Bone Warwick,bwarwicker@t-online.de,+50369109089,95987580-7,1472.01
3,Catha Cristofano,ccristofanoes@1und1.de,+50363878395,22211408-3,1413.88
2,Jeniece Wormell,jwormellet@spiegel.de,+50366827024,99175148-2,1411.33
7,Townsend Duell,tduelleu@yellowbook.com,+50372443241,98834932-3,441.46
6,Anthe Gerbl,agerblev@scientificamerican.com,+50371839748,27105692-4,519.33
10,Yankee Tosh,ytoshew@4shared.com,+50375066317,83558146-3,1439.38
6,Culver Exelby,cexelbyex@msu.edu,+50365917373,85913529-7,533.96
8,Gerrie Linskey,glinskeyey@nytimes.com,+50328060666,31610106-4,769.92
5,Murray Skudder,mskudderez@macromedia.com,+50368342940,23988760-4,1456.45
1,Lolly Andrioletti,landriolettif0@google.ca,+50324528163,75420101-1,982.06
4,Brandice Hinks,bhinksf1@senate.gov,+50376459732,82003664-6,812.73
2,Milly Sperry,msperryf2@qq.com,+50369224277,31949597-1,628.47
3,Marlene Pettet,mpettetf3@dagondesign.com,+50377529306,59396238-7,1354.09
1,Karin Cuardall,kcuardallf4@posterous.com,+50326965575,40757338-3,431.47
2,Thibaud Wederell,twederellf5@fotki.com,+50326246568,18419700-1,782.38
6,Millicent Eldridge,meldridgef6@vinaora.com,+50377775469,19642641-2,541.58
2,Glynis Boarer,gboarerf7@shop-pro.jp,+50377965309,73689838-9,734.73
8,Cos Beckham,cbeckhamf8@blogger.com,+50363998724,79674198-6,884.15
8,Ab Partridge,apartridgef9@skyrock.com,+50376579238,39620785-2,1229.74
