nombre,correo,telefono,documento,tipo_documento
Celisse,cmishaw0@mtv.com,+503 7839-5005,61184475-9,DUI
Rikki,rtrevance1@over-blog.com,+503 7321-7439,88144014-0,DUI
Phyllys,pklus2@mysql.com,+503 2722-4817,59864233-2,DUI
Margery,mtrusdale3@shutterfly.com,+503 7969-8755,81532540-3,DUI
Wendy,wobell4@ca.gov,+503 2821-0844,43284281-0,DUI
Brenda,bisaaksohn5@usatoday.com,+503 2971-4831,35545176-8,DUI
Jackqueline,jboerderman6@tripadvisor.com,+503 6960-9032,09430129-7,DUI
Boyce,bdurban7@sohu.com,+503 6249-9752,60726915-6,DUI
Haily,hcockshott8@vimeo.com,+503 6902-5922,48259740-3,DUI
Darnell,dtibb9@com.com,+503 6626-7193,80981753-0,DUI
Lynnett,lscrowtona@flickr.com,+503 2019-6979,84459559-8,DUI
Solomon,slawlesb@freewebs.com,+503 6123-3827,85584688-5,DUI
Lynett,lbattmanc@telegraph.co.uk,+503 2598-9959,34093147-8,DUI
Laurie,lbirdseyd@aol.com,+503 2882-3043,80883169-1,DUI
Dalila,dkeerse@symantec.com,+503 6212-9754,10891157-4,DUI
Gaspar,ghymorf@vinaora.com,+503 2854-0598,79008416-7,DUI
Leena,lyesening@wikia.com,+503 7909-6942,79299143-3,DUI
Aylmer,anettleh@nature.com,+503 7917-8134,56906659-3,DUI
Mareah,mmiliusi@vistaprint.com,+503 6393-6961,36108113-8,DUI
Andrea,achannerj@ow.ly,+503 7452-0784,23448400-6,DUI
Wendye,whaytok@upenn.edu,+503 6092-7183,93471097-8,DUI
Janek,jtourryl@cargocollective.com,+503 7432-4981,87489183-0,DUI
Irina,igrzegorzewskim@latimes.com,+503 7874-2886,13186243-7,DUI
Sue,sleperen@shop-pro.jp,+503 2733-9453,91204417-8,DUI
Mendy,mscurlocko@e-recht24.de,+503 7691-8680,45844301-4,DUI
Latrena,ldonnep@opensource.org,+503 2677-5966,18652386-2,DUI
Remington,rreelyq@sfgate.com,+503 2608-3717,62201926-1,DUI
Rockie,rreecer@geocities.com,+503 2853-4406,35943223-9,DUI
Tan,tcowplands@redcross.org,+503 2667-9839,78583556-5,DUI
Ewen,ecawseyt@miitbeian.gov.cn,+503 7809-4138,83069879-4,DUI
Allister,aharrapu@quantcast.com,+503 2501-4947,41301990-1,DUI
Agretha,ajeyesv@cbsnews.com,+503 2231-2953,32220343-5,DUI
Inglis,ibraffingtonw@naver.com,+503 2643-6078,59291939-9,DUI
Augustina,atattersdillx@google.ru,+503 7997-0413,40863665-6,DUI
Barby,bshurmorey@cargocollective.com,+503 6364-1038,38349429-5,DUI
Garnette,gjankuz@imdb.com,+503 7149-8176,71823029-8,DUI
Zerk,zteodorski10@tinyurl.com,+503 6264-5926,80308323-4,DUI
Karry,kmaccoll11@ebay.com,+503 2977-5278,74817997-8,DUI
Trstram,tbrockhouse12@nhs.uk,+503 2252-1410,91981804-6,DUI
Reuben,rdrains13@wordpress.org,+503 2208-3103,78295465-9,DUI
Isabelita,igamlyn14@imgur.com,+503 2022-7324,40551263-6,DUI
Junina,jmattingley15@slate.com,+503 6313-8809,47939373-8,DUI
Riordan,rbielfelt16@technorati.com,+503 7729-0168,69911858-5,DUI
Roscoe,rpeekevout17@home.pl,+503 7723-9993,30228817-2,DUI
Corty,calans18@ed.gov,+503 2902-6940,00679904-8,DUI
Maddy,maynold19@live.com,+503 2136-0788,60548731-6,DUI
Pru,ptrime1a@moonfruit.com,+503 6778-9461,26377879-2,DUI
Ives,irasch1b@linkedin.com,+503 2687-6470,00781455-8,DUI
Debora,dmcreedy1c@ameblo.jp,+503 6627-3750,58914853-1,DUI
Salomo,smohan1d@phoca.cz,+503 2524-4891,45848812-9,DUI
Tammi,tmclurg1e@stumbleupon.com,+503 7144-2513,49323864-5,DUI
Willabella,wcornew1f@washingtonpost.com,+503 6052-9382,25287647-6,DUI
Fiorenze,fcomino1g@goo.ne.jp,+503 7090-9111,13624629-0,DUI
Pepita,pizatson1h@blinklist.com,+503 2081-0129,97809473-2,DUI
Vasili,vecclestone1i@npr.org,+503 7197-3950,57497273-9,DUI
Salem,sdransfield1j@bloomberg.com,+503 2246-0279,41628760-9,DUI
Margaret,mhulbert1k@pcworld.com,+503 7871-4776,81546798-1,DUI
Barnard,bmckellen1l@yellowpages.com,+503 2688-1447,90437657-0,DUI
Cosette,cpask1m@mapquest.com,+503 6048-7825,44268248-4,DUI
Emmit,ecoulthard1n@dyndns.org,+503 2207-0521,20886146-2,DUI
Sharl,smottershaw1o@gnu.org,+503 2103-6265,44814038-4,DUI
Jermayne,jsousa1p@geocities.com,+503 7994-5612,37425322-1,DUI
Had,hcarp1q@sun.com,+503 6395-5962,30215403-0,DUI
Saundra,sruppert1r@myspace.com,+503 6017-9221,77171111-0,DUI
Francois,fdyble1s@prweb.com,+503 7204-9906,59045675-9,DUI
Cesaro,cfanti1t@so-net.ne.jp,+503 7108-3101,37792682-5,DUI
Emlyn,ecaldes1u@stanford.edu,+503 7382-6030,24556013-3,DUI
Agnesse,afould1v@nytimes.com,+503 2045-0832,83996074-7,DUI
Hilary,hwalenta1w@elpais.com,+503 2185-3553,18107192-4,DUI
Dominique,dstuddert1x@theglobeandmail.com,+503 2293-0439,59825541-5,DUI
Romain,rgommowe1y@macromedia.com,+503 6877-1416,87883834-8,DUI
Beauregard,bcripin1z@hao123.com,+503 2066-1790,92534129-5,DUI
Marjie,mpragnell20@slideshare.net,+503 6219-6723,08172174-5,DUI
Dyanna,ddelacoste21@google.it,+503 6026-8675,71111601-7,DUI
Sabrina,sdougher22@symantec.com,+503 7952-7574,46649435-1,DUI
Myrilla,mnaire23@dagondesign.com,+503 7727-6959,06372390-0,DUI
Korrie,kmussilli24@unicef.org,+503 7173-1718,35741305-3,DUI
Florence,fumney25@nifty.com,+503 2168-6773,22148954-1,DUI
Janey,jclaybourne26@hhs.gov,+503 2167-6236,78870114-1,DUI
Desiri,dchesters27@quantcast.com,+503 7892-5528,99207098-2,DUI
Jase,jpedrick28@samsung.com,+503 2602-3162,27430158-6,DUI
Channa,cblance29@godaddy.com,+503 7263-2462,15372504-2,DUI
Aldrich,anoke2a@histats.com,+503 6726-2893,21152372-1,DUI
Jourdain,jconachy2b@nhs.uk,+503 2857-4842,55314704-4,DUI
Melicent,mcamier2c@fc2.com,+503 7572-1223,88609154-5,DUI
Gerald,glibreros2d@blinklist.com,+503 6343-5265,95083155-4,DUI
Mikel,mwayne2e@blogger.com,+503 7153-1299,31825075-2,DUI
Timmie,twallsworth2f@ovh.net,+503 6886-8038,28358594-3,DUI
Nathan,nlindro2g@dot.gov,+503 6290-1503,34222136-6,DUI
Laurella,lleggis2h@sohu.com,+503 7837-3399,06934543-7,DUI
Bailey,benstone2i@addthis.com,+503 7705-0359,08468489-4,DUI
Margalit,mkilby2j@mit.edu,+503 2828-6382,36143827-1,DUI
Alexi,aadiscot2k@a8.net,+503 6734-3555,26955562-7,DUI
Rube,rstibbs2l@diigo.com,+503 6360-9924,47433028-5,DUI
Cyrillus,ccastelyn2m@intel.com,+503 7549-4378,12551541-5,DUI
Herbert,htolworthy2n@cargocollective.com,+503 2697-0943,64912459-7,DUI
Faydra,fcyphus2o@prlog.org,+503 2804-0783,81414451-6,DUI
Arthur,arosenzwig2p@google.de,+503 7574-7465,12951895-7,DUI
Marchall,mkingswood2q@cdbaby.com,+503 7887-7125,25361161-7,DUI
Mauricio,mkitteringham2r@noaa.gov,+503 6465-7830,45407225-9,DUI
Vale,vcomi2s@youku.com,+503 6645-8965,14433600-2,DUI
Willa,wellam2t@wp.com,+503 7630-4227,85554912-0,DUI
Lawry,lstapels2u@census.gov,+503 2318-5365,33908698-1,DUI
Sib,swistance2v@businessinsider.com,+503 2039-6702,77438781-3,DUI
Costanza,cnewband2w@senate.gov,+503 2276-6311,72364787-4,DUI
Ardelle,amedlar2x@alibaba.com,+503 6334-2945,81383984-0,DUI
Glen,gmcterlagh2y@i2i.jp,+503 6697-0819,77347115-7,DUI
Sondra,slevesque2z@yelp.com,+503 7929-6702,59379899-8,DUI
Bobbe,bseamark30@pen.io,+503 7149-7574,61964707-5,DUI
Junia,jbarme31@usgs.gov,+503 6221-0766,72975264-2,DUI
Terry,tlago32@youku.com,+503 7899-8379,24110131-4,DUI
Idell,ikerans33@sciencedaily.com,+503 7620-9030,04238694-6,DUI
Malanie,mkarpol34@nba.com,+503 6539-7213,47467887-2,DUI
Ericha,erylett35@youku.com,+503 7840-3116,67844401-3,DUI
Pamella,pcawthery36@blogs.com,+503 7936-0975,42901634-0,DUI
Harmonie,hcoultard37@studiopress.com,+503 7440-0105,95009162-7,DUI
Dacia,dneat38@time.com,+503 6257-1500,51898977-9,DUI
Adan,adudeney39@nymag.com,+503 7172-2121,73708799-8,DUI
Witty,wpyett3a@dailymail.co.uk,+503 2919-2100,81175176-9,DUI
Angelico,abarsam3b@techcrunch.com,+503 2112-3659,77204750-3,DUI
Chrisse,ctsar3c@phpbb.com,+503 2974-2428,71576808-0,DUI
Tybalt,tblackett3d@purevolume.com,+503 7999-4372,05490683-9,DUI
Finley,fespinoza3e@scientificamerican.com,+503 2661-3868,59370277-4,DUI
Iain,ibirnie3f@cargocollective.com,+503 6092-7086,22713705-0,DUI
Florence,fwethey3g@usa.gov,+503 6883-7403,40831871-0,DUI
Des,dcartmel3h@indiegogo.com,+503 7902-8757,13872675-1,DUI
Holden,hmcneillie3i@usnews.com,+503 6884-8339,93933565-9,DUI
Raven,rpendrey3j@google.fr,+503 7801-7705,58281815-1,DUI
Ransell,rsanpere3k@furl.net,+503 2908-5679,60289329-7,DUI
Catina,ccory3l@un.org,+503 6567-3044,97987070-3,DUI
Gerta,gaikenhead3m@theatlantic.com,+503 6214-8849,08797413-8,DUI
Nora,nbufton3n@squidoo.com,+503 7616-8574,27453536-2,DUI
Caprice,chattrick3o@netscape.com,+503 6539-8825,67125576-9,DUI
Franni,fpontain3p@tamu.edu,+503 2355-5742,05655633-5,DUI
Brion,bcaustick3q@bing.com,+503 2095-1681,70499350-9,DUI
Thaddus,truff3r@vinaora.com,+503 7210-3122,28127472-5,DUI
Beckie,bmahmood3s@simplemachines.org,+503 6355-9136,52368858-4,DUI
Rollie,rgraham3t@amazon.de,+503 6400-2644,18876551-5,DUI
Gigi,gwaker3u@theguardian.com,+503 2042-8889,33124464-9,DUI
Rubia,rbabalola3v@cnet.com,+503 7523-7721,50851686-5,DUI
Clay,ctommaseo3w@nsw.gov.au,+503 2160-5603,49905028-7,DUI
Sosanna,skrammer3x@admin.ch,+503 2527-7878,41823588-3,DUI
Krishnah,ktinsley3y@nifty.com,+503 7737-5194,63199393-3,DUI
Margarethe,mbretherton3z@histats.com,+503 6502-6296,02835654-3,DUI
Minda,mstacey40@stanford.edu,+503 6200-7157,93559665-9,DUI
Dal,dpeyro41@howstuffworks.com,+503 7931-1818,72453854-8,DUI
Gerri,ghaslehurst42@dailymail.co.uk,+503 2414-2482,39687236-4,DUI
Allen,amacloughlin43@soundcloud.com,+503 2350-5388,58781118-8,DUI
Mort,mohern44@stumbleupon.com,+503 7776-1234,50112297-3,DUI
Marty,mforrest45@diigo.com,+503 6626-5449,68068384-9,DUI
Harmon,hmulderrig46@ebay.com,+503 2671-2823,68534016-9,DUI
Frederic,fcoleyshaw47@networkadvertising.org,+503 7386-7079,34601237-9,DUI
Jessamyn,jcarpenter48@msu.edu,+503 2877-0857,06819185-6,DUI
Gabbey,gblackader49@sciencedaily.com,+503 6841-4354,70441553-9,DUI
Sib,scoultass4a@opensource.org,+503 6612-8525,26480383-3,DUI
Evita,echampkins4b@angelfire.com,+503 2507-0194,01997877-7,DUI
Ellery,eunger4c@imdb.com,+503 7039-0819,97301893-4,DUI
Janina,jdomeney4d@zdnet.com,+503 6937-4745,74787824-8,DUI
Gwenneth,ggianninotti4e@canalblog.com,+503 2191-2978,35209714-8,DUI
Lynette,lowlner4f@hp.com,+503 6008-6437,77194273-7,DUI
Barbaraanne,bblakebrough4g@guardian.co.uk,+503 7247-3689,81274076-7,DUI
Rubetta,rmatiashvili4h@vistaprint.com,+503 6022-7114,60952567-9,DUI
Birdie,bmartt4i@spiegel.de,+503 7735-1502,16619775-2,DUI
Raffaello,rkings4j@squarespace.com,+503 2340-6862,06291432-1,DUI
Norton,nlabusquiere4k@cornell.edu,+503 7183-6377,11118469-1,DUI
Christoforo,cnannoni4l@pcworld.com,+503 7865-0895,29329838-7,DUI
Parsifal,pmackenney4m@chronoengine.com,+503 6603-8595,39181231-2,DUI
Cirstoforo,ccapaldi4n@jigsy.com,+503 2966-6394,53848377-8,DUI
Kayley,kfredi4o@fc2.com,+503 7593-7744,06191226-0,DUI
Tully,tteresia4p@wikimedia.org,+503 2428-5578,70842347-4,DUI
Anderea,amurrow4q@discuz.net,+503 7650-3800,37990971-8,DUI
Dianne,dkingsnod4r@printfriendly.com,+503 6472-1313,31099003-5,DUI
Casper,cjeannard4s@t.co,+503 6515-1303,48105895-2,DUI
Berrie,bhallgough4t@cdc.gov,+503 7545-8866,44854741-1,DUI
Saudra,sghidotti4u@nba.com,+503 6168-9109,69683823-3,DUI
Glynnis,gcornish4v@dagondesign.com,+503 7232-9657,01079660-5,DUI
Gisella,gupjohn4w@twitter.com,+503 7063-5592,30169614-9,DUI
Theodore,tgiacobbinijacob4x@epa.gov,+503 6788-3218,58861266-7,DUI
Vidovik,vbert4y@columbia.edu,+503 6287-1507,66472524-0,DUI
Clayborne,csimondson4z@miitbeian.gov.cn,+503 7220-0342,64014917-5,DUI
Florinda,fwye50@mozilla.com,+503 7660-3964,28129092-5,DUI
Charmine,cmarlow51@eventbrite.com,+503 6781-1640,77496479-5,DUI
Hilliard,htingley52@xrea.com,+503 6356-7940,50081147-5,DUI
Jolie,jbeynke53@cdc.gov,+503 6071-0428,89480837-0,DUI
Moina,mfeathers54@admin.ch,+503 2865-1469,79788516-0,DUI
Hillie,htreswell55@sourceforge.net,+503 6417-3122,10881590-7,DUI
Meryl,mchelley56@symantec.com,+503 2256-3330,85060267-5,DUI
Carlin,cnoden57@myspace.com,+503 6767-3404,26707176-3,DUI
Ivar,iocarney58@wikipedia.org,+503 2852-1779,75820790-6,DUI
Nelie,nmaccaughey59@un.org,+503 2341-2012,79390316-5,DUI
Brigid,bvarey5a@facebook.com,+503 7095-2059,12114524-0,DUI
Alejandra,aallibon5b@vistaprint.com,+503 6125-4033,85653546-9,DUI
Adiana,akellar5c@amazon.co.jp,+503 6731-8570,52119642-5,DUI
Shelby,sboarer5d@hubpages.com,+503 6837-8122,32921670-2,DUI
Ragnar,rhumbey5e@cisco.com,+503 7158-5269,24423388-3,DUI
Farlee,fdigges5f@alexa.com,+503 2323-7003,77943140-6,DUI
Carree,ccheevers5g@wikispaces.com,+503 2946-5552,42092265-3,DUI
Nataniel,nstockill5h@sourceforge.net,+503 6723-5669,73815456-4,DUI
Darb,dhanford5i@utexas.edu,+503 7669-3660,31528545-8,DUI
Jemimah,jewan5j@kickstarter.com,+503 6937-7132,07916629-3,DUI
Dre,dgadman5k@theglobeandmail.com,+503 2173-7112,03843396-2,DUI
Raina,rgregson5l@telegraph.co.uk,+503 6794-0746,18771033-2,DUI
Nerita,ndanton5m@google.co.uk,+503 2821-2248,19132050-0,DUI
Chandler,ckahn5n@vkontakte.ru,+503 2828-0236,24667642-6,DUI
Jake,jtertre5o@sciencedaily.com,+503 2156-5242,99821265-0,DUI
Linda,lpehrsson5p@businessweek.com,+503 2884-3126,60276073-3,DUI
Aggie,agreedy5q@forbes.com,+503 7575-6541,62003314-7,DUI
Mirilla,mnaptin5r@webnode.com,+503 6440-5501,85045750-3,DUI
Lindon,lwheelband5s@army.mil,+503 6757-5012,64281822-1,DUI
Goddard,gkeller5t@latimes.com,+503 7675-9595,64711714-7,DUI
Kimberlee,kskullet5u@guardian.co.uk,+503 6382-3919,26738017-8,DUI
Roselle,rsainter5v@barnesandnoble.com,+503 6099-1697,10433712-7,DUI
Napoleon,nlysaght5w@issuu.com,+503 7849-5026,16320274-9,DUI
Alisha,akmieciak5x@ning.com,+503 2332-5702,69668068-8,DUI
Elysia,ejakobsson5y@wordpress.com,+503 6518-0296,55071183-8,DUI
Helen-elizabeth,hmceniry5z@youku.com,+503 2091-7410,17077553-8,DUI
Gerrilee,gcaneo60@nbcnews.com,+503 7108-3113,51293268-0,DUI
Berti,bradage61@foxnews.com,+503 6824-5134,55331196-1,DUI
Jean,jrichfield62@army.mil,+503 7476-1469,60177637-8,DUI
Aileen,ataffs63@jalbum.net,+503 2789-6663,13811878-7,DUI
Bernice,bbannester64@nifty.com,+503 7689-0620,46075892-2,DUI
Caria,cfotherby65@geocities.com,+503 7656-7066,19647201-9,DUI
Erek,efreezor66@si.edu,+503 6105-9318,50371945-3,DUI
Galven,gthew67@shop-pro.jp,+503 6676-2581,86075578-0,DUI
Cristobal,clorenc68@etsy.com,+503 7618-8255,76404290-0,DUI
Aurelea,aaxby69@cdbaby.com,+503 6130-4558,51457338-8,DUI
Giffer,gduggary6a@issuu.com,+503 7764-2395,85750295-4,DUI
Quent,qmingard6b@soundcloud.com,+503 7386-9335,39767555-0,DUI
Florette,fduding6c@cam.ac.uk,+503 2942-7690,18004179-8,DUI
Desiri,dzywicki6d@discuz.net,+503 7188-6188,35249349-7,DUI
Gwyneth,gkobiela6e@webs.com,+503 6672-7753,64062531-6,DUI
Estell,etidy6f@theglobeandmail.com,+503 7743-5105,57999185-1,DUI
Clovis,charvison6g@goodreads.com,+503 2571-5040,46284959-3,DUI
Jenifer,jtoal6h@google.nl,+503 6098-3622,04241743-6,DUI
Bar,bdurno6i@ocn.ne.jp,+503 6243-1363,75756084-6,DUI
Kellina,ktimeby6j@jigsy.com,+503 7366-6426,71715407-2,DUI
Lauren,lpoluzzi6k@artisteer.com,+503 6158-9229,28128182-3,DUI
Shandy,swhorf6l@symantec.com,+503 7028-7269,82448995-4,DUI
Donni,dshearman6m@fc2.com,+503 7139-8816,58778354-0,DUI
Mikey,mdorcey6n@goo.ne.jp,+503 7959-4833,65243292-4,DUI
Ruddy,rthirlwall6o@eepurl.com,+503 2330-0605,04333670-0,DUI
Freda,fjaffa6p@baidu.com,+503 7634-0257,57652950-9,DUI
Georg,gbartrop6q@cornell.edu,+503 2198-1021,91068619-2,DUI
Marion,mwaple6r@e-recht24.de,+503 6732-0815,31224305-1,DUI
Peggi,poscannill6s@vkontakte.ru,+503 6188-8365,11872667-1,DUI
Romeo,rdickerson6t@spiegel.de,+503 6982-8003,43827163-1,DUI
Winni,wburchfield6u@51.la,+503 6659-0357,50950339-7,DUI
Worden,wbraizier6v@seesaa.net,+503 6113-5657,75959146-7,DUI
Ezequiel,epoint6w@usgs.gov,+503 2173-9894,57704467-6,DUI
Kati,ktownrow6x@google.fr,+503 7042-2022,63552124-0,DUI
Caspar,choofe6y@usgs.gov,+503 7915-6438,46708087-2,DUI
Martie,mswalowe6z@newsvine.com,+503 6693-3167,89175045-1,DUI
Calley,cdelue70@51.la,+503 2791-7116,24272976-4,DUI
Norton,nhebblewaite71@wikimedia.org,+503 2004-1785,87728396-3,DUI
Justis,jquaife72@nhs.uk,+503 7764-5529,77972130-6,DUI
Carina,chadingham73@hc360.com,+503 2738-1125,61236823-1,DUI
Elsworth,ebulcroft74@ow.ly,+503 7988-2819,53645600-6,DUI
Lillian,ldana75@geocities.jp,+503 7452-0585,05759549-7,DUI
Lianna,llindup76@yahoo.co.jp,+503 2063-6930,21407988-4,DUI
Fiorenze,fculham77@salon.com,+503 2403-1712,36233719-7,DUI
Tedmund,table78@purevolume.com,+503 7001-9113,05234043-9,DUI
Clementia,cbabb79@zimbio.com,+503 2341-4300,80275645-4,DUI
Sheppard,sormond7a@lycos.com,+503 2867-8925,52559762-3,DUI
Garreth,gmantram7b@prnewswire.com,+503 6852-6463,70333733-9,DUI
Aili,abough7c@github.com,+503 6384-3890,97704935-7,DUI
Jere,jlavin7d@reference.com,+503 2035-7049,78274954-2,DUI
Roberto,rmackelworth7e@uiuc.edu,+503 6862-4995,54831970-4,DUI
Mureil,mgravy7f@marketwatch.com,+503 7956-0454,85334972-4,DUI
Tamarra,tchatin7g@myspace.com,+503 7598-7043,09154235-5,DUI
Jan,jbantock7h@telegraph.co.uk,+503 7883-8629,76946880-2,DUI
Cele,cravenhill7i@mapy.cz,+503 6801-8267,07724445-9,DUI
Jacques,jbeddard7j@cmu.edu,+503 2218-7549,26051169-9,DUI
Stormy,scavee7k@sfgate.com,+503 2160-9709,41811268-2,DUI
Wolf,wpurcell7l@ehow.com,+503 7343-4397,07923875-6,DUI
Vyky,vkeighly7m@deviantart.com,+503 6645-6109,49131490-9,DUI
Evelin,eshovlin7n@google.com.au,+503 2010-0490,25187528-8,DUI
Moore,mprivost7o@mysql.com,+503 7912-3592,57703208-1,DUI
Erin,estellino7p@blinklist.com,+503 7966-7040,94422774-4,DUI
Wilone,wfeldbrin7q@cocolog-nifty.com,+503 7205-9266,69039058-4,DUI
Westley,wskells7r@godaddy.com,+503 6521-4183,70510687-9,DUI
Towny,tbattin7s@wufoo.com,+503 6239-4160,68886735-4,DUI
Lishe,lguerrazzi7t@army.mil,+503 7472-0620,94693608-2,DUI
Rosalie,rrudeyeard7u@who.int,+503 6131-9027,02466263-0,DUI
Stella,schoke7v@slideshare.net,+503 2599-3804,04310244-3,DUI
Beverie,bpugsley7w@vistaprint.com,+503 2310-5885,53165416-8,DUI
Shelia,swriter7x@hao123.com,+503 7855-6770,30812512-0,DUI
Egor,estilly7y@businessweek.com,+503 6055-9155,69339654-6,DUI
Tressa,tkingswood7z@about.me,+503 2893-2139,09110903-0,DUI
Ida,iwinterson80@networkadvertising.org,+503 2248-3706,97700738-9,DUI
Andy,abamber81@illinois.edu,+503 7092-3595,89583845-1,DUI
Chic,clovstrom82@yelp.com,+503 2604-1157,81203910-7,DUI
Hoebart,hlewsey83@irs.gov,+503 7721-5931,89128463-0,DUI
Sophie,sblakesley84@typepad.com,+503 7541-5879,67937680-7,DUI
Taddeo,trosenberger85@hubpages.com,+503 2379-8892,08744058-6,DUI
Dmitri,dswiffen86@mozilla.org,+503 7670-3897,15011161-5,DUI
Finn,fwealleans87@miibeian.gov.cn,+503 2091-7113,98589088-0,DUI
Kipp,kmawdsley88@goo.ne.jp,+503 7006-2490,71847103-3,DUI
Blane,bdrable89@tinyurl.com,+503 7510-4605,02591762-1,DUI
Gideon,galldred8a@zdnet.com,+503 6318-0283,75504840-5,DUI
Zarah,zclee8b@umn.edu,+503 7732-7822,48189422-3,DUI
Hermina,hpeirazzi8c@blogspot.com,+503 6423-5252,54993317-5,DUI
Clarinda,cchipp8d@dyndns.org,+503 7881-2991,36986992-3,DUI
Eduino,ekintzel8e@nba.com,+503 2150-6415,72250104-4,DUI
Feodor,fivanisov8f@washingtonpost.com,+503 2356-3332,71004240-5,DUI
Adorne,aprobey8g@dagondesign.com,+503 7655-7598,67823014-1,DUI
Mitch,mbohlens8h@uol.com.br,+503 2779-2758,46199274-6,DUI
Evy,ebentham8i@tmall.com,+503 2255-0440,76106944-4,DUI
Deni,ddikes8j@npr.org,+503 7601-3692,79868006-2,DUI
Trude,tmocquer8k@wired.com,+503 2138-4043,23400379-9,DUI
Brenna,bcalderon8l@wired.com,+503 6558-8166,24773925-1,DUI
Kristi,kdelaspee8m@accuweather.com,+503 2840-0218,65655108-0,DUI
Katrinka,kcosley8n@phoca.cz,+503 7630-4940,77124742-6,DUI
Barris,bprobbings8o@edublogs.org,+503 2418-0331,78542250-8,DUI
Ingeborg,isharpin8p@constantcontact.com,+503 6592-7553,16100298-5,DUI
Leeann,lmundwell8q@sakura.ne.jp,+503 6373-9929,03257382-0,DUI
Waly,wgalpen8r@drupal.org,+503 7452-1530,37633589-1,DUI
Lorita,lkedwell8s@reddit.com,+503 7474-2562,02203604-3,DUI
Karola,kmcowan8t@merriam-webster.com,+503 6066-7280,67375411-3,DUI
Bernardo,bpinney8u@eventbrite.com,+503 6017-1182,60075758-9,DUI
Laurice,lgiveen8v@godaddy.com,+503 6411-7418,19461664-6,DUI
Morris,mscard8w@google.nl,+503 7685-1948,70946276-1,DUI
Raynell,rluchelli8x@yolasite.com,+503 7775-4589,10098812-9,DUI
Pru,pvasilyevski8y@liveinternet.ru,+503 6356-4559,35684764-2,DUI
Dyana,depton8z@naver.com,+503 6937-0671,77342878-5,DUI
Mufi,mvelte90@sphinn.com,+503 2609-2227,25851522-2,DUI
Clemente,cgransden91@dailymotion.com,+503 2222-2409,66151660-8,DUI
Caroline,cellson92@reverbnation.com,+503 7308-2485,48880203-9,DUI
Conchita,cblanpein93@loc.gov,+503 6427-1497,86395892-1,DUI
Marcelia,mgyrgorcewicx94@bluehost.com,+503 2256-5000,81148940-4,DUI
Eugenie,ehubbins95@yelp.com,+503 7599-5189,92623783-6,DUI
Theresina,tbrecknell96@bloglines.com,+503 2190-9738,40865792-6,DUI
Roch,rbahls97@npr.org,+503 6752-9434,56047031-1,DUI
Vivianna,vstiell98@joomla.org,+503 6314-6909,70496227-1,DUI
Cazzie,cdow99@nyu.edu,+503 2595-6120,91527503-5,DUI
Onofredo,oridel9a@google.pl,+503 7976-1629,97513150-6,DUI
Tammy,tmillican9b@time.com,+503 2061-0660,77487257-7,DUI
Waldo,wbriereton9c@edublogs.org,+503 2757-9973,52918078-8,DUI
Ambrose,aambrosio9d@tamu.edu,+503 6849-1132,12463458-8,DUI
Georgianne,gkubek9e@godaddy.com,+503 2074-3323,31900097-3,DUI
Brand,bbortolini9f@squidoo.com,+503 6920-6314,85942257-5,DUI
Brit,bsiward9g@uol.com.br,+503 2117-0404,10285397-0,DUI
Rachel,rskipsey9h@hp.com,+503 7817-7298,82904878-1,DUI
Kimball,kairton9i@domainmarket.com,+503 2823-2827,72285066-7,DUI
Gratiana,gguly9j@jigsy.com,+503 2338-1424,58854226-1,DUI
Concettina,cswanne9k@miitbeian.gov.cn,+503 7581-8298,44797321-1,DUI
Rana,rbraiden9l@is.gd,+503 7039-7142,47550404-8,DUI
Ara,astrathe9m@nyu.edu,+503 2213-7944,27228073-5,DUI
Cosetta,cdownham9n@addtoany.com,+503 6631-1335,87750582-6,DUI
Ted,tsayward9o@nps.gov,+503 6575-7170,97117070-7,DUI
Lavinia,lcoker9p@slate.com,+503 2910-7791,00311914-8,DUI
Jeni,jmabbe9q@phoca.cz,+503 2895-5480,92963777-9,DUI
Selig,sbrocket9r@amazon.co.jp,+503 7345-4461,55801317-7,DUI
Floria,fprudham9s@edublogs.org,+503 6722-2709,89448590-5,DUI
Gert,gblackster9t@microsoft.com,+503 2697-4220,16656503-3,DUI
Kaine,kmateu9u@shinystat.com,+503 2303-8763,90248241-6,DUI
Andris,avines9v@cdc.gov,+503 7216-3737,22621860-0,DUI
Travus,tkaindl9w@paypal.com,+503 6910-5399,38041112-3,DUI
Lida,lwilcher9x@friendfeed.com,+503 7449-3135,42298465-5,DUI
Elyse,ekimmins9y@skyrock.com,+503 7938-5593,72681062-9,DUI
Sauveur,shurtic9z@mapquest.com,+503 2928-7120,70002287-6,DUI
Claudina,cscoatesa0@com.com,+503 6932-0623,36694606-6,DUI
Shantee,shurseya1@psu.edu,+503 6658-6779,99145198-7,DUI
Delcine,dmarrinera2@sogou.com,+503 7016-4925,52095497-8,DUI
Gretta,gbernardeaua3@auda.org.au,+503 2816-8963,94230934-7,DUI
Solomon,sgladdora4@purevolume.com,+503 2272-3973,97480502-1,DUI
Sergent,sgregora5@histats.com,+503 7479-7056,88381343-5,DUI
Thibaud,tduddridgea6@reference.com,+503 7301-3288,66129521-3,DUI
Ninetta,nbowyera7@bluehost.com,+503 7447-2408,10159232-2,DUI
Ravid,rvinicka8@constantcontact.com,+503 7976-6991,40668770-8,DUI
Morry,mbrillemana9@msn.com,+503 2367-2080,82758037-4,DUI
Christoforo,cgillaniaa@bigcartel.com,+503 2355-5879,30620518-5,DUI
Jamey,jhonnicottab@opensource.org,+503 7318-7314,86995803-8,DUI
Felipe,fstockleac@4shared.com,+503 2197-5206,99112637-6,DUI
Delora,dprettjohnad@washingtonpost.com,+503 6500-2822,30478993-5,DUI
Gregg,ggavahanae@addthis.com,+503 7092-2846,24268895-9,DUI
Dayna,dwestwateraf@smugmug.com,+503 7871-7016,10075605-0,DUI
Dav,dpundyag@bandcamp.com,+503 7660-8969,02635087-5,DUI
Beitris,bstuckah@engadget.com,+503 7565-4687,75029214-1,DUI
Norah,ncancellerai@cyberchimps.com,+503 7079-6493,71626557-9,DUI
Starr,sverrieraj@craigslist.org,+503 7740-8365,07302073-2,DUI
Cthrine,cwrenchak@nsw.gov.au,+503 6684-0681,62221805-5,DUI
Lyda,lostrichal@dedecms.com,+503 7915-8448,32232026-9,DUI
Clint,cswindinam@cnbc.com,+503 7357-5249,38971941-3,DUI
Gwenni,ggallyhaockan@godaddy.com,+503 2902-6335,65377995-2,DUI
Arluene,agappao@yelp.com,+503 2305-0392,25567990-6,DUI
Arni,alewinsap@nps.gov,+503 7544-7099,91289484-2,DUI
Orlando,obackshillaq@posterous.com,+503 2501-1564,33928302-9,DUI
Rosalinda,rfraschiniar@studiopress.com,+503 7023-5040,94657668-8,DUI
Cleveland,chalmsas@free.fr,+503 7780-8379,57021364-0,DUI
Brynn,bethelstonat@cbsnews.com,+503 6831-6368,29270467-1,DUI
Megan,mzanettiniau@acquirethisname.com,+503 6524-5734,78807856-9,DUI
Dwayne,djiruav@rakuten.co.jp,+503 6628-2401,99685476-9,DUI
Rosaleen,rbrandenburgaw@skype.com,+503 2992-6181,00767572-2,DUI
Stanislaus,spestridgeax@hc360.com,+503 2401-8117,00952570-6,DUI
Jenny,jglennay@yale.edu,+503 2174-9899,94674083-2,DUI
Kent,kdifranceschiaz@amazon.co.uk,+503 7846-8632,42946934-5,DUI
Thom,ttwiggeb0@soup.io,+503 2922-6518,74974067-5,DUI
Lorilee,lnisbyb1@reuters.com,+503 6880-8637,72001825-0,DUI
Addi,ablaxtonb2@smh.com.au,+503 2280-3181,86786583-3,DUI
Thain,tphilb3@hibu.com,+503 6755-2872,58370178-3,DUI
Addie,amillsomb4@pbs.org,+503 7630-2031,42874248-5,DUI
Issie,ibengtsenb5@businessweek.com,+503 6574-0120,45410004-4,DUI
Brenda,bantoniob6@privacy.gov.au,+503 6251-5434,28054628-0,DUI
Reinwald,ronyonb7@huffingtonpost.com,+503 7978-7986,34082500-7,DUI
Gillian,gbarkasb8@ucsd.edu,+503 2768-7101,02744096-1,DUI
Kaspar,kdellabbateb9@amazon.com,+503 2275-5363,19208911-4,DUI
Rafferty,rbeadeba@mashable.com,+503 7407-0167,61847531-5,DUI
Fredia,fmacgianybb@cocolog-nifty.com,+503 7929-9902,21998503-1,DUI
Damita,dpoppletonbc@dell.com,+503 7874-5726,88624551-9,DUI
Falkner,ffuentebd@miitbeian.gov.cn,+503 6447-8639,61730151-1,DUI
Zilvia,zquantrellbe@123-reg.co.uk,+503 7032-3405,28176653-7,DUI
Rosemonde,rogarabf@google.com.br,+503 7099-6960,97288279-8,DUI
Tandie,tdemchenbg@ebay.com,+503 7758-4034,69731418-3,DUI
Robby,rbraunleinbh@narod.ru,+503 7875-8377,70495913-2,DUI
Maison,mclowserbi@miibeian.gov.cn,+503 2620-6599,63758316-9,DUI
Heidi,hbehrendsenbj@liveinternet.ru,+503 6747-6602,02709880-7,DUI
Angel,agrubbebk@i2i.jp,+503 6995-8169,49822518-6,DUI
Carling,cpittendreighbl@cpanel.net,+503 7850-0640,85657641-3,DUI
Smith,siamittiibm@creativecommons.org,+503 7736-7167,36364976-7,DUI
Pavel,pmcginleybn@4shared.com,+503 6463-1716,53010167-8,DUI
Lark,lwheildonbo@msn.com,+503 6254-5562,54706925-4,DUI
Tedda,torvissbp@va.gov,+503 6577-3992,87975272-1,DUI
Rosana,rlorrymanbq@cmu.edu,+503 7436-4029,21432657-6,DUI
Lockwood,lcarriagebr@webeden.co.uk,+503 7659-2050,30378706-5,DUI
Rosmunda,rdanickbs@fda.gov,+503 6297-4969,99815571-5,DUI
Tynan,trennickbt@etsy.com,+503 7142-8057,52083892-7,DUI
Early,eknoxbu@gmpg.org,+503 6784-3215,79133538-5,DUI
Danice,dcrosskillbv@domainmarket.com,+503 6901-3743,15706655-6,DUI
Fredrika,fgraundissonbw@harvard.edu,+503 2239-2733,40977797-0,DUI
Garrard,gdupreebx@weather.com,+503 2198-6728,06735800-0,DUI
Coraline,csummersby@springer.com,+503 6360-3406,16992751-6,DUI
Rodi,rprandybz@nytimes.com,+503 6566-1167,93539429-1,DUI
Babita,brodgersonc0@unesco.org,+503 2468-4952,15556904-4,DUI
Juliann,jjodrellecc1@slideshare.net,+503 7699-4847,14976299-2,DUI
Terrie,tdundinc2@furl.net,+503 7088-9613,15204291-4,DUI
Gaby,gfreschinic3@hexun.com,+503 7290-8923,54860109-4,DUI
Nevin,ntinklinc4@1688.com,+503 6694-3637,19430177-5,DUI
Ardra,atarquinioc5@theglobeandmail.com,+503 7332-4873,79646316-2,DUI
Madison,marrundalec6@nature.com,+503 7341-7217,21460373-6,DUI
Tania,thallutc7@themeforest.net,+503 7392-2440,31742405-1,DUI
Ennis,emamwellc8@un.org,+503 6071-1084,39266012-5,DUI
Nicky,nansettc9@so-net.ne.jp,+503 7682-9739,46798666-1,DUI
Wandie,wlyndsca@hugedomains.com,+503 6516-5743,52604383-1,DUI
Lynda,lfirkcb@meetup.com,+503 6135-0637,27008083-6,DUI
Keir,knuddscc@bing.com,+503 6363-3915,79437875-4,DUI
Abagail,agurrycd@vkontakte.ru,+503 2100-6373,01226581-4,DUI
Lovell,lglassmance@google.cn,+503 7052-8126,60724079-3,DUI
Adamo,adrakecf@miitbeian.gov.cn,+503 7274-3227,36388312-2,DUI
Daryle,dhaskeycg@sphinn.com,+503 7555-7066,08789101-1,DUI
Brooke,bbrattench@parallels.com,+503 2751-7286,86112441-8,DUI
Kylie,kmencoci@walmart.com,+503 7315-6340,67285512-8,DUI
Roda,rbergstrandcj@last.fm,+503 2219-1255,06333021-0,DUI
Abbye,abennionck@posterous.com,+503 2790-3461,12453069-8,DUI
Victoria,vtankuscl@google.it,+503 2437-4135,10204441-7,DUI
Alon,ablankocm@hp.com,+503 7574-9034,44294090-2,DUI
Algernon,adahlbergcn@arizona.edu,+503 6316-7344,29209943-6,DUI
Emelia,eloryco@wiley.com,+503 2507-1490,43745574-3,DUI
Cordula,cbrutycp@indiegogo.com,+503 6421-3000,84719370-4,DUI
Silvester,sglantzcq@eventbrite.com,+503 6535-0771,53997444-3,DUI
Cointon,cburdcr@flavors.me,+503 7866-1066,70470759-4,DUI
Marchelle,mcromackcs@reference.com,+503 2296-0802,38928773-3,DUI
Raf,rwaddellct@live.com,+503 7096-6721,91860811-5,DUI
Ealasaid,eciepluchcu@statcounter.com,+503 2435-8497,52877937-0,DUI
Monika,mwolstenholmecv@google.de,+503 7353-7225,62309768-9,DUI
Abby,acamplejohncw@weebly.com,+503 7636-2748,73913845-0,DUI
Carlynne,cianinotticx@facebook.com,+503 2097-0985,10229433-0,DUI
Bud,bpotzoldcy@soup.io,+503 7393-2620,39248527-9,DUI
Celle,cmadderscz@eventbrite.com,+503 6811-8294,88598355-4,DUI
Pat,pebdend0@paginegialle.it,+503 7845-5841,52028645-5,DUI
Aliza,areschked1@cnet.com,+503 2282-6532,50036283-1,DUI
Elvin,etonged2@sciencedirect.com,+503 6477-8793,80695399-8,DUI
Hanson,hlyburnd3@addthis.com,+503 7977-0595,85543785-1,DUI
Perren,pgusneyd4@rediff.com,+503 6911-9282,48115191-4,DUI
Hussein,hastleyd5@blogtalkradio.com,+503 2010-6757,84978704-7,DUI
Arnie,awhettletond6@ow.ly,+503 6444-6057,60011423-9,DUI
Vickie,vbattingd7@blogspot.com,+503 2163-8613,43104317-8,DUI
Rutherford,rchennellsd8@washingtonpost.com,+503 7129-0517,47606984-4,DUI
Pauli,pmarnaned9@google.ru,+503 6575-9055,02390666-4,DUI
Cecil,ckasparskida@netlog.com,+503 2240-2582,21842898-2,DUI
Tamas,thargessdb@dailymotion.com,+503 6023-4769,72804067-4,DUI
Hadrian,hbillsondc@auda.org.au,+503 7042-4876,36096543-5,DUI
Brynn,bhedindd@businesswire.com,+503 6563-3868,19158428-8,DUI
Roger,rdelagnesde@privacy.gov.au,+503 7558-1721,11592425-0,DUI
Mamie,mpowedf@sciencedirect.com,+503 7719-4676,11935607-3,DUI
Granger,gshinedg@twitter.com,+503 6573-3804,35124486-6,DUI
Caryl,ccourceydh@domainmarket.com,+503 7440-7163,43352644-6,DUI
Korrie,kbogaysdi@ucsd.edu,+503 2514-2837,43906726-7,DUI
Nara,nfinkledj@freewebs.com,+503 2983-6053,95857223-0,DUI
Cyndy,csabaterdk@sciencedaily.com,+503 7182-6649,98936241-6,DUI
Ignazio,icreekdl@seesaa.net,+503 7351-0040,69341742-6,DUI
Orazio,onelmdm@163.com,+503 2933-0757,13827918-7,DUI
Amalle,aghidettidn@addtoany.com,+503 7522-7406,99968749-1,DUI
Lacey,lhammerichdo@sbwire.com,+503 6152-6723,12183574-3,DUI
Sioux,smcpheatdp@yahoo.co.jp,+503 6522-0383,36758288-3,DUI
Magdaia,msiddledq@instagram.com,+503 2596-5914,69798500-6,DUI
Cornie,cgoodwyndr@twitpic.com,+503 6017-5581,80477881-3,DUI
Graig,gludovicids@omniture.com,+503 7763-9971,94831760-2,DUI
Randolph,rlynaghdt@storify.com,+503 7987-7781,74532945-3,DUI
Terencio,tgynnidu@huffingtonpost.com,+503 7399-7338,57862350-7,DUI
Dolf,dburstowdv@sbwire.com,+503 6018-9588,73235307-7,DUI
