"id_huesped","nombre","correo","telefono","documento","tipo_documento"
1,Celisse,cmishaw0@mtv.com,+503 7839-5005,"61184475-9",DUI
2,Rikki,rtrevance1@over-blog.com,+503 7321-7439,"88144014-0",DUI
3,Phyllys,pklus2@mysql.com,+503 2722-4817,"59864233-2",DUI
4,Margery,mtrusdale3@shutterfly.com,+503 7969-8755,"81532540-3",DUI
5,Wendy,wobell4@ca.gov,+503 2821-0844,"43284281-0",DUI
6,Brenda,bisaaksohn5@usatoday.com,+503 2971-4831,"35545176-8",DUI
7,Jackqueline,jboerderman6@tripadvisor.com,+503 6960-9032,"09430129-7",DUI
8,Boyce,bdurban7@sohu.com,+503 6249-9752,"60726915-6",DUI
9,Haily,hcockshott8@vimeo.com,+503 6902-5922,"48259740-3",DUI
10,Darnell,dtibb9@com.com,+503 6626-7193,"80981753-0",DUI
11,Lynnett,lscrowtona@flickr.com,+503 2019-6979,"84459559-8",DUI
12,Solomon,slawlesb@freewebs.com,+503 6123-3827,"85584688-5",DUI
13,Lynett,lbattmanc@telegraph.co.uk,+503 2598-9959,"34093147-8",DUI
14,Laurie,lbirdseyd@aol.com,+503 2882-3043,"80883169-1",DUI
15,Dalila,dkeerse@symantec.com,+503 6212-9754,"10891157-4",DUI
16,Gaspar,ghymorf@vinaora.com,+503 2854-0598,"79008416-7",DUI
17,Leena,lyesening@wikia.com,+503 7909-6942,"79299143-3",DUI
18,Aylmer,anettleh@nature.com,+503 7917-8134,"56906659-3",DUI
19,Mareah,mmiliusi@vistaprint.com,+503 6393-6961,"36108113-8",DUI
20,Andrea,achannerj@ow.ly,+503 7452-0784,"23448400-6",DUI
21,Wendye,whaytok@upenn.edu,+503 6092-7183,"93471097-8",DUI
22,Janek,jtourryl@cargocollective.com,+503 7432-4981,"87489183-0",DUI
23,Irina,igrzegorzewskim@latimes.com,+503 7874-2886,"13186243-7",DUI
24,Sue,sleperen@shop-pro.jp,+503 2733-9453,"91204417-8",DUI
25,Mendy,mscurlocko@e-recht24.de,+503 7691-8680,"45844301-4",DUI
26,Latrena,ldonnep@opensource.org,+503 2677-5966,"18652386-2",DUI
27,Remington,rreelyq@sfgate.com,+503 2608-3717,"62201926-1",DUI
28,Rockie,rreecer@geocities.com,+503 2853-4406,"35943223-9",DUI
29,Tan,tcowplands@redcross.org,+503 2667-9839,"78583556-5",DUI
30,Ewen,ecawseyt@miitbeian.gov.cn,+503 7809-4138,"83069879-4",DUI
31,Allister,aharrapu@quantcast.com,+503 2501-4947,"41301990-1",DUI
32,Agretha,ajeyesv@cbsnews.com,+503 2231-2953,"32220343-5",DUI
33,Inglis,ibraffingtonw@naver.com,+503 2643-6078,"59291939-9",DUI
34,Augustina,atattersdillx@google.ru,+503 7997-0413,"40863665-6",DUI
35,Barby,bshurmorey@cargocollective.com,+503 6364-1038,"38349429-5",DUI
36,Garnette,gjankuz@imdb.com,+503 7149-8176,"71823029-8",DUI
37,Zerk,zteodorski10@tinyurl.com,+503 6264-5926,"80308323-4",DUI
38,Karry,kmaccoll11@ebay.com,+503 2977-5278,"74817997-8",DUI
39,Trstram,tbrockhouse12@nhs.uk,+503 2252-1410,"91981804-6",DUI
40,Reuben,rdrains13@wordpress.org,+503 2208-3103,"78295465-9",DUI
41,Isabelita,igamlyn14@imgur.com,+503 2022-7324,"40551263-6",DUI
42,Junina,jmattingley15@slate.com,+503 6313-8809,"47939373-8",DUI
43,Riordan,rbielfelt16@technorati.com,+503 7729-0168,"69911858-5",DUI
44,Roscoe,rpeekevout17@home.pl,+503 7723-9993,"30228817-2",DUI
45,Corty,calans18@ed.gov,+503 2902-6940,"00679904-8",DUI
46,Maddy,maynold19@live.com,+503 2136-0788,"60548731-6",DUI
47,Pru,ptrime1a@moonfruit.com,+503 6778-9461,"26377879-2",DUI
48,Ives,irasch1b@linkedin.com,+503 2687-6470,"00781455-8",DUI
49,Debora,dmcreedy1c@ameblo.jp,+503 6627-3750,"58914853-1",DUI
50,Salomo,smohan1d@phoca.cz,+503 2524-4891,"45848812-9",DUI
51,Tammi,tmclurg1e@stumbleupon.com,+503 7144-2513,"49323864-5",DUI
52,Willabella,wcornew1f@washingtonpost.com,+503 6052-9382,"25287647-6",DUI
53,Fiorenze,fcomino1g@goo.ne.jp,+503 7090-9111,"13624629-0",DUI
54,Pepita,pizatson1h@blinklist.com,+503 2081-0129,"97809473-2",DUI
55,Vasili,vecclestone1i@npr.org,+503 7197-3950,"57497273-9",DUI
56,Salem,sdransfield1j@bloomberg.com,+503 2246-0279,"41628760-9",DUI
57,Margaret,mhulbert1k@pcworld.com,+503 7871-4776,"81546798-1",DUI
58,Barnard,bmckellen1l@yellowpages.com,+503 2688-1447,"90437657-0",DUI
59,Cosette,cpask1m@mapquest.com,+503 6048-7825,"44268248-4",DUI
60,Emmit,ecoulthard1n@dyndns.org,+503 2207-0521,"20886146-2",DUI
61,Sharl,smottershaw1o@gnu.org,+503 2103-6265,"44814038-4",DUI
62,Jermayne,jsousa1p@geocities.com,+503 7994-5612,"37425322-1",DUI
63,Had,hcarp1q@sun.com,+503 6395-5962,"30215403-0",DUI
64,Saundra,sruppert1r@myspace.com,+503 6017-9221,"77171111-0",DUI
65,Francois,fdyble1s@prweb.com,+503 7204-9906,"59045675-9",DUI
66,Cesaro,cfanti1t@so-net.ne.jp,+503 7108-3101,"37792682-5",DUI
67,Emlyn,ecaldes1u@stanford.edu,+503 7382-6030,"24556013-3",DUI
68,Agnesse,afould1v@nytimes.com,+503 2045-0832,"83996074-7",DUI
69,Hilary,hwalenta1w@elpais.com,+503 2185-3553,"18107192-4",DUI
70,Dominique,dstuddert1x@theglobeandmail.com,+503 2293-0439,"59825541-5",DUI
71,Romain,rgommowe1y@macromedia.com,+503 6877-1416,"87883834-8",DUI
72,Beauregard,bcripin1z@hao123.com,+503 2066-1790,"92534129-5",DUI
73,Marjie,mpragnell20@slideshare.net,+503 6219-6723,"08172174-5",DUI
74,Dyanna,ddelacoste21@google.it,+503 6026-8675,"71111601-7",DUI
75,Sabrina,sdougher22@symantec.com,+503 7952-7574,"46649435-1",DUI
76,Myrilla,mnaire23@dagondesign.com,+503 7727-6959,"06372390-0",DUI
77,Korrie,kmussilli24@unicef.org,+503 7173-1718,"35741305-3",DUI
78,Florence,fumney25@nifty.com,+503 2168-6773,"22148954-1",DUI
79,Janey,jclaybourne26@hhs.gov,+503 2167-6236,"78870114-1",DUI
80,Desiri,dchesters27@quantcast.com,+503 7892-5528,"99207098-2",DUI
81,Jase,jpedrick28@samsung.com,+503 2602-3162,"27430158-6",DUI
82,Channa,cblance29@godaddy.com,+503 7263-2462,"15372504-2",DUI
83,Aldrich,anoke2a@histats.com,+503 6726-2893,"21152372-1",DUI
84,Jourdain,jconachy2b@nhs.uk,+503 2857-4842,"55314704-4",DUI
85,Melicent,mcamier2c@fc2.com,+503 7572-1223,"88609154-5",DUI
86,Gerald,glibreros2d@blinklist.com,+503 6343-5265,"95083155-4",DUI
87,Mikel,mwayne2e@blogger.com,+503 7153-1299,"31825075-2",DUI
88,Timmie,twallsworth2f@ovh.net,+503 6886-8038,"28358594-3",DUI
89,Nathan,nlindro2g@dot.gov,+503 6290-1503,"34222136-6",DUI
90,Laurella,lleggis2h@sohu.com,+503 7837-3399,"06934543-7",DUI
91,Bailey,benstone2i@addthis.com,+503 7705-0359,"08468489-4",DUI
92,Margalit,mkilby2j@mit.edu,+503 2828-6382,"36143827-1",DUI
93,Alexi,aadiscot2k@a8.net,+503 6734-3555,"26955562-7",DUI
94,Rube,rstibbs2l@diigo.com,+503 6360-9924,"47433028-5",DUI
95,Cyrillus,ccastelyn2m@intel.com,+503 7549-4378,"12551541-5",DUI
96,Herbert,htolworthy2n@cargocollective.com,+503 2697-0943,"64912459-7",DUI
97,Faydra,fcyphus2o@prlog.org,+503 2804-0783,"81414451-6",DUI
98,Arthur,arosenzwig2p@google.de,+503 7574-7465,"12951895-7",DUI
99,Marchall,mkingswood2q@cdbaby.com,+503 7887-7125,"25361161-7",DUI
100,Mauricio,mkitteringham2r@noaa.gov,+503 6465-7830,"45407225-9",DUI
101,Vale,vcomi2s@youku.com,+503 6645-8965,"14433600-2",DUI
102,Willa,wellam2t@wp.com,+503 7630-4227,"85554912-0",DUI
103,Lawry,lstapels2u@census.gov,+503 2318-5365,"33908698-1",DUI
104,Sib,swistance2v@businessinsider.com,+503 2039-6702,"77438781-3",DUI
105,Costanza,cnewband2w@senate.gov,+503 2276-6311,"72364787-4",DUI
106,Ardelle,amedlar2x@alibaba.com,+503 6334-2945,"81383984-0",DUI
107,Glen,gmcterlagh2y@i2i.jp,+503 6697-0819,"77347115-7",DUI
108,Sondra,slevesque2z@yelp.com,+503 7929-6702,"59379899-8",DUI
109,Bobbe,bseamark30@pen.io,+503 7149-7574,"61964707-5",DUI
110,Junia,jbarme31@usgs.gov,+503 6221-0766,"72975264-2",DUI
111,Terry,tlago32@youku.com,+503 7899-8379,"24110131-4",DUI
112,Idell,ikerans33@sciencedaily.com,+503 7620-9030,"04238694-6",DUI
113,Malanie,mkarpol34@nba.com,+503 6539-7213,"47467887-2",DUI
114,Ericha,erylett35@youku.com,+503 7840-3116,"67844401-3",DUI
115,Pamella,pcawthery36@blogs.com,+503 7936-0975,"42901634-0",DUI
116,Harmonie,hcoultard37@studiopress.com,+503 7440-0105,"95009162-7",DUI
117,Dacia,dneat38@time.com,+503 6257-1500,"51898977-9",DUI
118,Adan,adudeney39@nymag.com,+503 7172-2121,"73708799-8",DUI
119,Witty,wpyett3a@dailymail.co.uk,+503 2919-2100,"81175176-9",DUI
120,Angelico,abarsam3b@techcrunch.com,+503 2112-3659,"77204750-3",DUI
121,Chrisse,ctsar3c@phpbb.com,+503 2974-2428,"71576808-0",DUI
122,Tybalt,tblackett3d@purevolume.com,+503 7999-4372,"05490683-9",DUI
123,Finley,fespinoza3e@scientificamerican.com,+503 2661-3868,"59370277-4",DUI
124,Iain,ibirnie3f@cargocollective.com,+503 6092-7086,"22713705-0",DUI
125,Florence,fwethey3g@usa.gov,+503 6883-7403,"40831871-0",DUI
126,Des,dcartmel3h@indiegogo.com,+503 7902-8757,"13872675-1",DUI
127,Holden,hmcneillie3i@usnews.com,+503 6884-8339,"93933565-9",DUI
128,Raven,rpendrey3j@google.fr,+503 7801-7705,"58281815-1",DUI
129,Ransell,rsanpere3k@furl.net,+503 2908-5679,"60289329-7",DUI
130,Catina,ccory3l@un.org,+503 6567-3044,"97987070-3",DUI
131,Gerta,gaikenhead3m@theatlantic.com,+503 6214-8849,"08797413-8",DUI
132,Nora,nbufton3n@squidoo.com,+503 7616-8574,"27453536-2",DUI
133,Caprice,chattrick3o@netscape.com,+503 6539-8825,"67125576-9",DUI
134,Franni,fpontain3p@tamu.edu,+503 2355-5742,"05655633-5",DUI
135,Brion,bcaustick3q@bing.com,+503 2095-1681,"70499350-9",DUI
136,Thaddus,truff3r@vinaora.com,+503 7210-3122,"28127472-5",DUI
137,Beckie,bmahmood3s@simplemachines.org,+503 6355-9136,"52368858-4",DUI
138,Rollie,rgraham3t@amazon.de,+503 6400-2644,"18876551-5",DUI
139,Gigi,gwaker3u@theguardian.com,+503 2042-8889,"33124464-9",DUI
140,Rubia,rbabalola3v@cnet.com,+503 7523-7721,"50851686-5",DUI
141,Clay,ctommaseo3w@nsw.gov.au,+503 2160-5603,"49905028-7",DUI
142,Sosanna,skrammer3x@admin.ch,+503 2527-7878,"41823588-3",DUI
143,Krishnah,ktinsley3y@nifty.com,+503 7737-5194,"63199393-3",DUI
144,Margarethe,mbretherton3z@histats.com,+503 6502-6296,"02835654-3",DUI
145,Minda,mstacey40@stanford.edu,+503 6200-7157,"93559665-9",DUI
146,Dal,dpeyro41@howstuffworks.com,+503 7931-1818,"72453854-8",DUI
147,Gerri,ghaslehurst42@dailymail.co.uk,+503 2414-2482,"39687236-4",DUI
148,Allen,amacloughlin43@soundcloud.com,+503 2350-5388,"58781118-8",DUI
149,Mort,mohern44@stumbleupon.com,+503 7776-1234,"50112297-3",DUI
150,Marty,mforrest45@diigo.com,+503 6626-5449,"68068384-9",DUI
151,Harmon,hmulderrig46@ebay.com,+503 2671-2823,"68534016-9",DUI
152,Frederic,fcoleyshaw47@networkadvertising.org,+503 7386-7079,"34601237-9",DUI
153,Jessamyn,jcarpenter48@msu.edu,+503 2877-0857,"06819185-6",DUI
154,Gabbey,gblackader49@sciencedaily.com,+503 6841-4354,"70441553-9",DUI
155,Sib,scoultass4a@opensource.org,+503 6612-8525,"26480383-3",DUI
156,Evita,echampkins4b@angelfire.com,+503 2507-0194,"01997877-7",DUI
157,Ellery,eunger4c@imdb.com,+503 7039-0819,"97301893-4",DUI
158,Janina,jdomeney4d@zdnet.com,+503 6937-4745,"74787824-8",DUI
159,Gwenneth,ggianninotti4e@canalblog.com,+503 2191-2978,"35209714-8",DUI
160,Lynette,lowlner4f@hp.com,+503 6008-6437,"77194273-7",DUI
161,Barbaraanne,bblakebrough4g@guardian.co.uk,+503 7247-3689,"81274076-7",DUI
162,Rubetta,rmatiashvili4h@vistaprint.com,+503 6022-7114,"60952567-9",DUI
163,Birdie,bmartt4i@spiegel.de,+503 7735-1502,"16619775-2",DUI
164,Raffaello,rkings4j@squarespace.com,+503 2340-6862,"06291432-1",DUI
165,Norton,nlabusquiere4k@cornell.edu,+503 7183-6377,"11118469-1",DUI
166,Christoforo,cnannoni4l@pcworld.com,+503 7865-0895,"29329838-7",DUI
167,Parsifal,pmackenney4m@chronoengine.com,+503 6603-8595,"39181231-2",DUI
168,Cirstoforo,ccapaldi4n@jigsy.com,+503 2966-6394,"53848377-8",DUI
169,Kayley,kfredi4o@fc2.com,+503 7593-7744,"06191226-0",DUI
170,Tully,tteresia4p@wikimedia.org,+503 2428-5578,"70842347-4",DUI
171,Anderea,amurrow4q@discuz.net,+503 7650-3800,"37990971-8",DUI
172,Dianne,dkingsnod4r@printfriendly.com,+503 6472-1313,"31099003-5",DUI
173,Casper,cjeannard4s@t.co,+503 6515-1303,"48105895-2",DUI
174,Berrie,bhallgough4t@cdc.gov,+503 7545-8866,"44854741-1",DUI
175,Saudra,sghidotti4u@nba.com,+503 6168-9109,"69683823-3",DUI
176,Glynnis,gcornish4v@dagondesign.com,+503 7232-9657,"01079660-5",DUI
177,Gisella,gupjohn4w@twitter.com,+503 7063-5592,"30169614-9",DUI
178,Theodore,tgiacobbinijacob4x@epa.gov,+503 6788-3218,"58861266-7",DUI
179,Vidovik,vbert4y@columbia.edu,+503 6287-1507,"66472524-0",DUI
180,Clayborne,csimondson4z@miitbeian.gov.cn,+503 7220-0342,"64014917-5",DUI
181,Florinda,fwye50@mozilla.com,+503 7660-3964,"28129092-5",DUI
182,Charmine,cmarlow51@eventbrite.com,+503 6781-1640,"77496479-5",DUI
183,Hilliard,htingley52@xrea.com,+503 6356-7940,"50081147-5",DUI
184,Jolie,jbeynke53@cdc.gov,+503 6071-0428,"89480837-0",DUI
185,Moina,mfeathers54@admin.ch,+503 2865-1469,"79788516-0",DUI
186,Hillie,htreswell55@sourceforge.net,+503 6417-3122,"10881590-7",DUI
187,Meryl,mchelley56@symantec.com,+503 2256-3330,"85060267-5",DUI
188,Carlin,cnoden57@myspace.com,+503 6767-3404,"26707176-3",DUI
189,Ivar,iocarney58@wikipedia.org,+503 2852-1779,"75820790-6",DUI
190,Nelie,nmaccaughey59@un.org,+503 2341-2012,"79390316-5",DUI
191,Brigid,bvarey5a@facebook.com,+503 7095-2059,"12114524-0",DUI
192,Alejandra,aallibon5b@vistaprint.com,+503 6125-4033,"85653546-9",DUI
193,Adiana,akellar5c@amazon.co.jp,+503 6731-8570,"52119642-5",DUI
194,Shelby,sboarer5d@hubpages.com,+503 6837-8122,"32921670-2",DUI
195,Ragnar,rhumbey5e@cisco.com,+503 7158-5269,"24423388-3",DUI
196,Farlee,fdigges5f@alexa.com,+503 2323-7003,"77943140-6",DUI
197,Carree,ccheevers5g@wikispaces.com,+503 2946-5552,"42092265-3",DUI
198,Nataniel,nstockill5h@sourceforge.net,+503 6723-5669,"73815456-4",DUI
199,Darb,dhanford5i@utexas.edu,+503 7669-3660,"31528545-8",DUI
200,Jemimah,jewan5j@kickstarter.com,+503 6937-7132,"07916629-3",DUI
201,Dre,dgadman5k@theglobeandmail.com,+503 2173-7112,"03843396-2",DUI
202,Raina,rgregson5l@telegraph.co.uk,+503 6794-0746,"18771033-2",DUI
203,Nerita,ndanton5m@google.co.uk,+503 2821-2248,"19132050-0",DUI
204,Chandler,ckahn5n@vkontakte.ru,+503 2828-0236,"24667642-6",DUI
205,Jake,jtertre5o@sciencedaily.com,+503 2156-5242,"99821265-0",DUI
206,Linda,lpehrsson5p@businessweek.com,+503 2884-3126,"60276073-3",DUI
207,Aggie,agreedy5q@forbes.com,+503 7575-6541,"62003314-7",DUI
208,Mirilla,mnaptin5r@webnode.com,+503 6440-5501,"85045750-3",DUI
209,Lindon,lwheelband5s@army.mil,+503 6757-5012,"64281822-1",DUI
210,Goddard,gkeller5t@latimes.com,+503 7675-9595,"64711714-7",DUI
211,Kimberlee,kskullet5u@guardian.co.uk,+503 6382-3919,"26738017-8",DUI
212,Roselle,rsainter5v@barnesandnoble.com,+503 6099-1697,"10433712-7",DUI
213,Napoleon,nlysaght5w@issuu.com,+503 7849-5026,"16320274-9",DUI
214,Alisha,akmieciak5x@ning.com,+503 2332-5702,"69668068-8",DUI
215,Elysia,ejakobsson5y@wordpress.com,+503 6518-0296,"55071183-8",DUI
216,Helen-elizabeth,hmceniry5z@youku.com,+503 2091-7410,"17077553-8",DUI
217,Gerrilee,gcaneo60@nbcnews.com,+503 7108-3113,"51293268-0",DUI
218,Berti,bradage61@foxnews.com,+503 6824-5134,"55331196-1",DUI
219,Jean,jrichfield62@army.mil,+503 7476-1469,"60177637-8",DUI
220,Aileen,ataffs63@jalbum.net,+503 2789-6663,"13811878-7",DUI
221,Bernice,bbannester64@nifty.com,+503 7689-0620,"46075892-2",DUI
222,Caria,cfotherby65@geocities.com,+503 7656-7066,"19647201-9",DUI
223,Erek,efreezor66@si.edu,+503 6105-9318,"50371945-3",DUI
224,Galven,gthew67@shop-pro.jp,+503 6676-2581,"86075578-0",DUI
225,Cristobal,clorenc68@etsy.com,+503 7618-8255,"76404290-0",DUI
226,Aurelea,aaxby69@cdbaby.com,+503 6130-4558,"51457338-8",DUI
227,Giffer,gduggary6a@issuu.com,+503 7764-2395,"85750295-4",DUI
228,Quent,qmingard6b@soundcloud.com,+503 7386-9335,"39767555-0",DUI
229,Florette,fduding6c@cam.ac.uk,+503 2942-7690,"18004179-8",DUI
230,Desiri,dzywicki6d@discuz.net,+503 7188-6188,"35249349-7",DUI
231,Gwyneth,gkobiela6e@webs.com,+503 6672-7753,"64062531-6",DUI
232,Estell,etidy6f@theglobeandmail.com,+503 7743-5105,"57999185-1",DUI
233,Clovis,charvison6g@goodreads.com,+503 2571-5040,"46284959-3",DUI
234,Jenifer,jtoal6h@google.nl,+503 6098-3622,"04241743-6",DUI
235,Bar,bdurno6i@ocn.ne.jp,+503 6243-1363,"75756084-6",DUI
236,Kellina,ktimeby6j@jigsy.com,+503 7366-6426,"71715407-2",DUI
237,Lauren,lpoluzzi6k@artisteer.com,+503 6158-9229,"28128182-3",DUI
238,Shandy,swhorf6l@symantec.com,+503 7028-7269,"82448995-4",DUI
239,Donni,dshearman6m@fc2.com,+503 7139-8816,"58778354-0",DUI
240,Mikey,mdorcey6n@goo.ne.jp,+503 7959-4833,"65243292-4",DUI
241,Ruddy,rthirlwall6o@eepurl.com,+503 2330-0605,"04333670-0",DUI
242,Freda,fjaffa6p@baidu.com,+503 7634-0257,"57652950-9",DUI
243,Georg,gbartrop6q@cornell.edu,+503 2198-1021,"91068619-2",DUI
244,Marion,mwaple6r@e-recht24.de,+503 6732-0815,"31224305-1",DUI
245,Peggi,poscannill6s@vkontakte.ru,+503 6188-8365,"11872667-1",DUI
246,Romeo,rdickerson6t@spiegel.de,+503 6982-8003,"43827163-1",DUI
247,Winni,wburchfield6u@51.la,+503 6659-0357,"50950339-7",DUI
248,Worden,wbraizier6v@seesaa.net,+503 6113-5657,"75959146-7",DUI
249,Ezequiel,epoint6w@usgs.gov,+503 2173-9894,"57704467-6",DUI
250,Kati,ktownrow6x@google.fr,+503 7042-2022,"63552124-0",DUI
251,Caspar,choofe6y@usgs.gov,+503 7915-6438,"46708087-2",DUI
252,Martie,mswalowe6z@newsvine.com,+503 6693-3167,"89175045-1",DUI
253,Calley,cdelue70@51.la,+503 2791-7116,"24272976-4",DUI
254,Norton,nhebblewaite71@wikimedia.org,+503 2004-1785,"87728396-3",DUI
255,Justis,jquaife72@nhs.uk,+503 7764-5529,"77972130-6",DUI
256,Carina,chadingham73@hc360.com,+503 2738-1125,"61236823-1",DUI
257,Elsworth,ebulcroft74@ow.ly,+503 7988-2819,"53645600-6",DUI
258,Lillian,ldana75@geocities.jp,+503 7452-0585,"05759549-7",DUI
259,Lianna,llindup76@yahoo.co.jp,+503 2063-6930,"21407988-4",DUI
260,Fiorenze,fculham77@salon.com,+503 2403-1712,"36233719-7",DUI
261,Tedmund,table78@purevolume.com,+503 7001-9113,"05234043-9",DUI
262,Clementia,cbabb79@zimbio.com,+503 2341-4300,"80275645-4",DUI
263,Sheppard,sormond7a@lycos.com,+503 2867-8925,"52559762-3",DUI
264,Garreth,gmantram7b@prnewswire.com,+503 6852-6463,"70333733-9",DUI
265,Aili,abough7c@github.com,+503 6384-3890,"97704935-7",DUI
266,Jere,jlavin7d@reference.com,+503 2035-7049,"78274954-2",DUI
267,Roberto,rmackelworth7e@uiuc.edu,+503 6862-4995,"54831970-4",DUI
268,Mureil,mgravy7f@marketwatch.com,+503 7956-0454,"85334972-4",DUI
269,Tamarra,tchatin7g@myspace.com,+503 7598-7043,"09154235-5",DUI
270,Jan,jbantock7h@telegraph.co.uk,+503 7883-8629,"76946880-2",DUI
271,Cele,cravenhill7i@mapy.cz,+503 6801-8267,"07724445-9",DUI
272,Jacques,jbeddard7j@cmu.edu,+503 2218-7549,"26051169-9",DUI
273,Stormy,scavee7k@sfgate.com,+503 2160-9709,"41811268-2",DUI
274,Wolf,wpurcell7l@ehow.com,+503 7343-4397,"07923875-6",DUI
275,Vyky,vkeighly7m@deviantart.com,+503 6645-6109,"49131490-9",DUI
276,Evelin,eshovlin7n@google.com.au,+503 2010-0490,"25187528-8",DUI
277,Moore,mprivost7o@mysql.com,+503 7912-3592,"57703208-1",DUI
278,Erin,estellino7p@blinklist.com,+503 7966-7040,"94422774-4",DUI
279,Wilone,wfeldbrin7q@cocolog-nifty.com,+503 7205-9266,"69039058-4",DUI
280,Westley,wskells7r@godaddy.com,+503 6521-4183,"70510687-9",DUI
281,Towny,tbattin7s@wufoo.com,+503 6239-4160,"68886735-4",DUI
282,Lishe,lguerrazzi7t@army.mil,+503 7472-0620,"94693608-2",DUI
283,Rosalie,rrudeyeard7u@who.int,+503 6131-9027,"02466263-0",DUI
284,Stella,schoke7v@slideshare.net,+503 2599-3804,"04310244-3",DUI
285,Beverie,bpugsley7w@vistaprint.com,+503 2310-5885,"53165416-8",DUI
286,Shelia,swriter7x@hao123.com,+503 7855-6770,"30812512-0",DUI
287,Egor,estilly7y@businessweek.com,+503 6055-9155,"69339654-6",DUI
288,Tressa,tkingswood7z@about.me,+503 2893-2139,"09110903-0",DUI
289,Ida,iwinterson80@networkadvertising.org,+503 2248-3706,"97700738-9",DUI
290,Andy,abamber81@illinois.edu,+503 7092-3595,"89583845-1",DUI
291,Chic,clovstrom82@yelp.com,+503 2604-1157,"81203910-7",DUI
292,Hoebart,hlewsey83@irs.gov,+503 7721-5931,"89128463-0",DUI
293,Sophie,sblakesley84@typepad.com,+503 7541-5879,"67937680-7",DUI
294,Taddeo,trosenberger85@hubpages.com,+503 2379-8892,"08744058-6",DUI
295,Dmitri,dswiffen86@mozilla.org,+503 7670-3897,"15011161-5",DUI
296,Finn,fwealleans87@miibeian.gov.cn,+503 2091-7113,"98589088-0",DUI
297,Kipp,kmawdsley88@goo.ne.jp,+503 7006-2490,"71847103-3",DUI
298,Blane,bdrable89@tinyurl.com,+503 7510-4605,"02591762-1",DUI
299,Gideon,galldred8a@zdnet.com,+503 6318-0283,"75504840-5",DUI
300,Zarah,zclee8b@umn.edu,+503 7732-7822,"48189422-3",DUI
301,Hermina,hpeirazzi8c@blogspot.com,+503 6423-5252,"54993317-5",DUI
302,Clarinda,cchipp8d@dyndns.org,+503 7881-2991,"36986992-3",DUI
303,Eduino,ekintzel8e@nba.com,+503 2150-6415,"72250104-4",DUI
304,Feodor,fivanisov8f@washingtonpost.com,+503 2356-3332,"71004240-5",DUI
305,Adorne,aprobey8g@dagondesign.com,+503 7655-7598,"67823014-1",DUI
306,Mitch,mbohlens8h@uol.com.br,+503 2779-2758,"46199274-6",DUI
307,Evy,ebentham8i@tmall.com,+503 2255-0440,"76106944-4",DUI
308,Deni,ddikes8j@npr.org,+503 7601-3692,"79868006-2",DUI
309,Trude,tmocquer8k@wired.com,+503 2138-4043,"23400379-9",DUI
310,Brenna,bcalderon8l@wired.com,+503 6558-8166,"24773925-1",DUI
311,Kristi,kdelaspee8m@accuweather.com,+503 2840-0218,"65655108-0",DUI
312,Katrinka,kcosley8n@phoca.cz,+503 7630-4940,"77124742-6",DUI
313,Barris,bprobbings8o@edublogs.org,+503 2418-0331,"78542250-8",DUI
314,Ingeborg,isharpin8p@constantcontact.com,+503 6592-7553,"16100298-5",DUI
315,Leeann,lmundwell8q@sakura.ne.jp,+503 6373-9929,"03257382-0",DUI
316,Waly,wgalpen8r@drupal.org,+503 7452-1530,"37633589-1",DUI
317,Lorita,lkedwell8s@reddit.com,+503 7474-2562,"02203604-3",DUI
318,Karola,kmcowan8t@merriam-webster.com,+503 6066-7280,"67375411-3",DUI
319,Bernardo,bpinney8u@eventbrite.com,+503 6017-1182,"60075758-9",DUI
320,Laurice,lgiveen8v@godaddy.com,+503 6411-7418,"19461664-6",DUI
321,Morris,mscard8w@google.nl,+503 7685-1948,"70946276-1",DUI
322,Raynell,rluchelli8x@yolasite.com,+503 7775-4589,"10098812-9",DUI
323,Pru,pvasilyevski8y@liveinternet.ru,+503 6356-4559,"35684764-2",DUI
324,Dyana,depton8z@naver.com,+503 6937-0671,"77342878-5",DUI
325,Mufi,mvelte90@sphinn.com,+503 2609-2227,"25851522-2",DUI
326,Clemente,cgransden91@dailymotion.com,+503 2222-2409,"66151660-8",DUI
327,Caroline,cellson92@reverbnation.com,+503 7308-2485,"48880203-9",DUI
328,Conchita,cblanpein93@loc.gov,+503 6427-1497,"86395892-1",DUI
329,Marcelia,mgyrgorcewicx94@bluehost.com,+503 2256-5000,"81148940-4",DUI
330,Eugenie,ehubbins95@yelp.com,+503 7599-5189,"92623783-6",DUI
331,Theresina,tbrecknell96@bloglines.com,+503 2190-9738,"40865792-6",DUI
332,Roch,rbahls97@npr.org,+503 6752-9434,"56047031-1",DUI
333,Vivianna,vstiell98@joomla.org,+503 6314-6909,"70496227-1",DUI
334,Cazzie,cdow99@nyu.edu,+503 2595-6120,"91527503-5",DUI
335,Onofredo,oridel9a@google.pl,+503 7976-1629,"97513150-6",DUI
336,Tammy,tmillican9b@time.com,+503 2061-0660,"77487257-7",DUI
337,Waldo,wbriereton9c@edublogs.org,+503 2757-9973,"52918078-8",DUI
338,Ambrose,aambrosio9d@tamu.edu,+503 6849-1132,"12463458-8",DUI
339,Georgianne,gkubek9e@godaddy.com,+503 2074-3323,"31900097-3",DUI
340,Brand,bbortolini9f@squidoo.com,+503 6920-6314,"85942257-5",DUI
341,Brit,bsiward9g@uol.com.br,+503 2117-0404,"10285397-0",DUI
342,Rachel,rskipsey9h@hp.com,+503 7817-7298,"82904878-1",DUI
343,Kimball,kairton9i@domainmarket.com,+503 2823-2827,"72285066-7",DUI
344,Gratiana,gguly9j@jigsy.com,+503 2338-1424,"58854226-1",DUI
345,Concettina,cswanne9k@miitbeian.gov.cn,+503 7581-8298,"44797321-1",DUI
346,Rana,rbraiden9l@is.gd,+503 7039-7142,"47550404-8",DUI
347,Ara,astrathe9m@nyu.edu,+503 2213-7944,"27228073-5",DUI
348,Cosetta,cdownham9n@addtoany.com,+503 6631-1335,"87750582-6",DUI
349,Ted,tsayward9o@nps.gov,+503 6575-7170,"97117070-7",DUI
350,Lavinia,lcoker9p@slate.com,+503 2910-7791,"00311914-8",DUI
351,Jeni,jmabbe9q@phoca.cz,+503 2895-5480,"92963777-9",DUI
352,Selig,sbrocket9r@amazon.co.jp,+503 7345-4461,"55801317-7",DUI
353,Floria,fprudham9s@edublogs.org,+503 6722-2709,"89448590-5",DUI
354,Gert,gblackster9t@microsoft.com,+503 2697-4220,"16656503-3",DUI
355,Kaine,kmateu9u@shinystat.com,+503 2303-8763,"90248241-6",DUI
356,Andris,avines9v@cdc.gov,+503 7216-3737,"22621860-0",DUI
357,Travus,tkaindl9w@paypal.com,+503 6910-5399,"38041112-3",DUI
358,Lida,lwilcher9x@friendfeed.com,+503 7449-3135,"42298465-5",DUI
359,Elyse,ekimmins9y@skyrock.com,+503 7938-5593,"72681062-9",DUI
360,Sauveur,shurtic9z@mapquest.com,+503 2928-7120,"70002287-6",DUI
361,Claudina,cscoatesa0@com.com,+503 6932-0623,"36694606-6",DUI
362,Shantee,shurseya1@psu.edu,+503 6658-6779,"99145198-7",DUI
363,Delcine,dmarrinera2@sogou.com,+503 7016-4925,"52095497-8",DUI
364,Gretta,gbernardeaua3@auda.org.au,+503 2816-8963,"94230934-7",DUI
365,Solomon,sgladdora4@purevolume.com,+503 2272-3973,"97480502-1",DUI
366,Sergent,sgregora5@histats.com,+503 7479-7056,"88381343-5",DUI
367,Thibaud,tduddridgea6@reference.com,+503 7301-3288,"66129521-3",DUI
368,Ninetta,nbowyera7@bluehost.com,+503 7447-2408,"10159232-2",DUI
369,Ravid,rvinicka8@constantcontact.com,+503 7976-6991,"40668770-8",DUI
370,Morry,mbrillemana9@msn.com,+503 2367-2080,"82758037-4",DUI
371,Christoforo,cgillaniaa@bigcartel.com,+503 2355-5879,"30620518-5",DUI
372,Jamey,jhonnicottab@opensource.org,+503 7318-7314,"86995803-8",DUI
373,Felipe,fstockleac@4shared.com,+503 2197-5206,"99112637-6",DUI
374,Delora,dprettjohnad@washingtonpost.com,+503 6500-2822,"30478993-5",DUI
375,Gregg,ggavahanae@addthis.com,+503 7092-2846,"24268895-9",DUI
376,Dayna,dwestwateraf@smugmug.com,+503 7871-7016,"10075605-0",DUI
377,Dav,dpundyag@bandcamp.com,+503 7660-8969,"02635087-5",DUI
378,Beitris,bstuckah@engadget.com,+503 7565-4687,"75029214-1",DUI
379,Norah,ncancellerai@cyberchimps.com,+503 7079-6493,"71626557-9",DUI
380,Starr,sverrieraj@craigslist.org,+503 7740-8365,"07302073-2",DUI
381,Cthrine,cwrenchak@nsw.gov.au,+503 6684-0681,"62221805-5",DUI
382,Lyda,lostrichal@dedecms.com,+503 7915-8448,"32232026-9",DUI
383,Clint,cswindinam@cnbc.com,+503 7357-5249,"38971941-3",DUI
384,Gwenni,ggallyhaockan@godaddy.com,+503 2902-6335,"65377995-2",DUI
385,Arluene,agappao@yelp.com,+503 2305-0392,"25567990-6",DUI
386,Arni,alewinsap@nps.gov,+503 7544-7099,"91289484-2",DUI
387,Orlando,obackshillaq@posterous.com,+503 2501-1564,"33928302-9",DUI
388,Rosalinda,rfraschiniar@studiopress.com,+503 7023-5040,"94657668-8",DUI
389,Cleveland,chalmsas@free.fr,+503 7780-8379,"57021364-0",DUI
390,Brynn,bethelstonat@cbsnews.com,+503 6831-6368,"29270467-1",DUI
391,Megan,mzanettiniau@acquirethisname.com,+503 6524-5734,"78807856-9",DUI
392,Dwayne,djiruav@rakuten.co.jp,+503 6628-2401,"99685476-9",DUI
393,Rosaleen,rbrandenburgaw@skype.com,+503 2992-6181,"00767572-2",DUI
394,Stanislaus,spestridgeax@hc360.com,+503 2401-8117,"00952570-6",DUI
395,Jenny,jglennay@yale.edu,+503 2174-9899,"94674083-2",DUI
396,Kent,kdifranceschiaz@amazon.co.uk,+503 7846-8632,"42946934-5",DUI
397,Thom,ttwiggeb0@soup.io,+503 2922-6518,"74974067-5",DUI
398,Lorilee,lnisbyb1@reuters.com,+503 6880-8637,"72001825-0",DUI
399,Addi,ablaxtonb2@smh.com.au,+503 2280-3181,"86786583-3",DUI
400,Thain,tphilb3@hibu.com,+503 6755-2872,"58370178-3",DUI
401,Addie,amillsomb4@pbs.org,+503 7630-2031,"42874248-5",DUI
402,Issie,ibengtsenb5@businessweek.com,+503 6574-0120,"45410004-4",DUI
403,Brenda,bantoniob6@privacy.gov.au,+503 6251-5434,"28054628-0",DUI
404,Reinwald,ronyonb7@huffingtonpost.com,+503 7978-7986,"34082500-7",DUI
405,Gillian,gbarkasb8@ucsd.edu,+503 2768-7101,"02744096-1",DUI
406,Kaspar,kdellabbateb9@amazon.com,+503 2275-5363,"19208911-4",DUI
407,Rafferty,rbeadeba@mashable.com,+503 7407-0167,"61847531-5",DUI
408,Fredia,fmacgianybb@cocolog-nifty.com,+503 7929-9902,"21998503-1",DUI
409,Damita,dpoppletonbc@dell.com,+503 7874-5726,"88624551-9",DUI
410,Falkner,ffuentebd@miitbeian.gov.cn,+503 6447-8639,"61730151-1",DUI
411,Zilvia,zquantrellbe@123-reg.co.uk,+503 7032-3405,"28176653-7",DUI
412,Rosemonde,rogarabf@google.com.br,+503 7099-6960,"97288279-8",DUI
413,Tandie,tdemchenbg@ebay.com,+503 7758-4034,"69731418-3",DUI
414,Robby,rbraunleinbh@narod.ru,+503 7875-8377,"70495913-2",DUI
415,Maison,mclowserbi@miibeian.gov.cn,+503 2620-6599,"63758316-9",DUI
416,Heidi,hbehrendsenbj@liveinternet.ru,+503 6747-6602,"02709880-7",DUI
417,Angel,agrubbebk@i2i.jp,+503 6995-8169,"49822518-6",DUI
418,Carling,cpittendreighbl@cpanel.net,+503 7850-0640,"85657641-3",DUI
419,Smith,siamittiibm@creativecommons.org,+503 7736-7167,"36364976-7",DUI
420,Pavel,pmcginleybn@4shared.com,+503 6463-1716,"53010167-8",DUI
421,Lark,lwheildonbo@msn.com,+503 6254-5562,"54706925-4",DUI
422,Tedda,torvissbp@va.gov,+503 6577-3992,"87975272-1",DUI
423,Rosana,rlorrymanbq@cmu.edu,+503 7436-4029,"21432657-6",DUI
424,Lockwood,lcarriagebr@webeden.co.uk,+503 7659-2050,"30378706-5",DUI
425,Rosmunda,rdanickbs@fda.gov,+503 6297-4969,"99815571-5",DUI
426,Tynan,trennickbt@etsy.com,+503 7142-8057,"52083892-7",DUI
427,Early,eknoxbu@gmpg.org,+503 6784-3215,"79133538-5",DUI
428,Danice,dcrosskillbv@domainmarket.com,+503 6901-3743,"15706655-6",DUI
429,Fredrika,fgraundissonbw@harvard.edu,+503 2239-2733,"40977797-0",DUI
430,Garrard,gdupreebx@weather.com,+503 2198-6728,"06735800-0",DUI
431,Coraline,csummersby@springer.com,+503 6360-3406,"16992751-6",DUI
432,Rodi,rprandybz@nytimes.com,+503 6566-1167,"93539429-1",DUI
433,Babita,brodgersonc0@unesco.org,+503 2468-4952,"15556904-4",DUI
434,Juliann,jjodrellecc1@slideshare.net,+503 7699-4847,"14976299-2",DUI
435,Terrie,tdundinc2@furl.net,+503 7088-9613,"15204291-4",DUI
436,Gaby,gfreschinic3@hexun.com,+503 7290-8923,"54860109-4",DUI
437,Nevin,ntinklinc4@1688.com,+503 6694-3637,"19430177-5",DUI
438,Ardra,atarquinioc5@theglobeandmail.com,+503 7332-4873,"79646316-2",DUI
439,Madison,marrundalec6@nature.com,+503 7341-7217,"21460373-6",DUI
440,Tania,thallutc7@themeforest.net,+503 7392-2440,"31742405-1",DUI
441,Ennis,emamwellc8@un.org,+503 6071-1084,"39266012-5",DUI
442,Nicky,nansettc9@so-net.ne.jp,+503 7682-9739,"46798666-1",DUI
443,Wandie,wlyndsca@hugedomains.com,+503 6516-5743,"52604383-1",DUI
444,Lynda,lfirkcb@meetup.com,+503 6135-0637,"27008083-6",DUI
445,Keir,knuddscc@bing.com,+503 6363-3915,"79437875-4",DUI
446,Abagail,agurrycd@vkontakte.ru,+503 2100-6373,"01226581-4",DUI
447,Lovell,lglassmance@google.cn,+503 7052-8126,"60724079-3",DUI
448,Adamo,adrakecf@miitbeian.gov.cn,+503 7274-3227,"36388312-2",DUI
449,Daryle,dhaskeycg@sphinn.com,+503 7555-7066,"08789101-1",DUI
450,Brooke,bbrattench@parallels.com,+503 2751-7286,"86112441-8",DUI
451,Kylie,kmencoci@walmart.com,+503 7315-6340,"67285512-8",DUI
452,Roda,rbergstrandcj@last.fm,+503 2219-1255,"06333021-0",DUI
453,Abbye,abennionck@posterous.com,+503 2790-3461,"12453069-8",DUI
454,Victoria,vtankuscl@google.it,+503 2437-4135,"10204441-7",DUI
455,Alon,ablankocm@hp.com,+503 7574-9034,"44294090-2",DUI
456,Algernon,adahlbergcn@arizona.edu,+503 6316-7344,"29209943-6",DUI
457,Emelia,eloryco@wiley.com,+503 2507-1490,"43745574-3",DUI
458,Cordula,cbrutycp@indiegogo.com,+503 6421-3000,"84719370-4",DUI
459,Silvester,sglantzcq@eventbrite.com,+503 6535-0771,"53997444-3",DUI
460,Cointon,cburdcr@flavors.me,+503 7866-1066,"70470759-4",DUI
461,Marchelle,mcromackcs@reference.com,+503 2296-0802,"38928773-3",DUI
462,Raf,rwaddellct@live.com,+503 7096-6721,"91860811-5",DUI
463,Ealasaid,eciepluchcu@statcounter.com,+503 2435-8497,"52877937-0",DUI
464,Monika,mwolstenholmecv@google.de,+503 7353-7225,"62309768-9",DUI
465,Abby,acamplejohncw@weebly.com,+503 7636-2748,"73913845-0",DUI
466,Carlynne,cianinotticx@facebook.com,+503 2097-0985,"10229433-0",DUI
467,Bud,bpotzoldcy@soup.io,+503 7393-2620,"39248527-9",DUI
468,Celle,cmadderscz@eventbrite.com,+503 6811-8294,"88598355-4",DUI
469,Pat,pebdend0@paginegialle.it,+503 7845-5841,"52028645-5",DUI
470,Aliza,areschked1@cnet.com,+503 2282-6532,"50036283-1",DUI
471,Elvin,etonged2@sciencedirect.com,+503 6477-8793,"80695399-8",DUI
472,Hanson,hlyburnd3@addthis.com,+503 7977-0595,"85543785-1",DUI
473,Perren,pgusneyd4@rediff.com,+503 6911-9282,"48115191-4",DUI
474,Hussein,hastleyd5@blogtalkradio.com,+503 2010-6757,"84978704-7",DUI
475,Arnie,awhettletond6@ow.ly,+503 6444-6057,"60011423-9",DUI
476,Vickie,vbattingd7@blogspot.com,+503 2163-8613,"43104317-8",DUI
477,Rutherford,rchennellsd8@washingtonpost.com,+503 7129-0517,"47606984-4",DUI
478,Pauli,pmarnaned9@google.ru,+503 6575-9055,"02390666-4",DUI
479,Cecil,ckasparskida@netlog.com,+503 2240-2582,"21842898-2",DUI
480,Tamas,thargessdb@dailymotion.com,+503 6023-4769,"72804067-4",DUI
481,Hadrian,hbillsondc@auda.org.au,+503 7042-4876,"36096543-5",DUI
482,Brynn,bhedindd@businesswire.com,+503 6563-3868,"19158428-8",DUI
483,Roger,rdelagnesde@privacy.gov.au,+503 7558-1721,"11592425-0",DUI
484,Mamie,mpowedf@sciencedirect.com,+503 7719-4676,"11935607-3",DUI
485,Granger,gshinedg@twitter.com,+503 6573-3804,"35124486-6",DUI
486,Caryl,ccourceydh@domainmarket.com,+503 7440-7163,"43352644-6",DUI
487,Korrie,kbogaysdi@ucsd.edu,+503 2514-2837,"43906726-7",DUI
488,Nara,nfinkledj@freewebs.com,+503 2983-6053,"95857223-0",DUI
489,Cyndy,csabaterdk@sciencedaily.com,+503 7182-6649,"98936241-6",DUI
490,Ignazio,icreekdl@seesaa.net,+503 7351-0040,"69341742-6",DUI
491,Orazio,onelmdm@163.com,+503 2933-0757,"13827918-7",DUI
492,Amalle,aghidettidn@addtoany.com,+503 7522-7406,"99968749-1",DUI
493,Lacey,lhammerichdo@sbwire.com,+503 6152-6723,"12183574-3",DUI
494,Sioux,smcpheatdp@yahoo.co.jp,+503 6522-0383,"36758288-3",DUI
495,Magdaia,msiddledq@instagram.com,+503 2596-5914,"69798500-6",DUI
496,Cornie,cgoodwyndr@twitpic.com,+503 6017-5581,"80477881-3",DUI
497,Graig,gludovicids@omniture.com,+503 7763-9971,"94831760-2",DUI
498,Randolph,rlynaghdt@storify.com,+503 7987-7781,"74532945-3",DUI
499,Terencio,tgynnidu@huffingtonpost.com,+503 7399-7338,"57862350-7",DUI
500,Dolf,dburstowdv@sbwire.com,+503 6018-9588,"73235307-7",DUI
501,Guglielma,gsandever0@hatena.ne.jp,+503 2652-5305,Y93999642,PASAPORTE
502,Maure,mbourke1@salon.com,+503 2160-0587,G04586867,PASAPORTE
503,Angeline,atruswell2@craigslist.org,+503 2785-9936,B41450826,PASAPORTE
504,Emera,estoggles3@telegraph.co.uk,+503 6114-0833,H96930998,PASAPORTE
505,Price,ploxdale4@google.com.au,+503 2465-2929,R94539870,PASAPORTE
506,Pattie,ptoseland5@fotki.com,+503 7660-4102,N34584658,PASAPORTE
507,Ole,ocroot6@sphinn.com,+503 2800-5488,K28761451,PASAPORTE
508,Carny,caggio7@last.fm,+503 6670-2066,N05548273,PASAPORTE
509,Wanids,wjoberne8@reddit.com,+503 6143-7951,O97436423,PASAPORTE
510,Christoffer,cwhitney9@cyberchimps.com,+503 7632-1547,D81304673,PASAPORTE
511,Nikos,nchristaeasa@scribd.com,+503 7785-3111,A54481233,PASAPORTE
512,Lem,lpoldingb@behance.net,+503 7643-8647,P55699498,PASAPORTE
513,Hunt,hdegenhardtc@studiopress.com,+503 7646-7104,B36453264,PASAPORTE
514,Ansley,aainslied@answers.com,+503 7911-8495,V35582285,PASAPORTE
515,Nedda,nransomee@hibu.com,+503 6632-7285,R04579485,PASAPORTE
516,Berri,bbaglinf@forbes.com,+503 6960-9140,Q68842815,PASAPORTE
517,Abie,amolineg@live.com,+503 7496-7151,S11441332,PASAPORTE
518,Franny,fblumireh@google.co.jp,+503 6905-6743,V55023357,PASAPORTE
519,Mozelle,mrubinlichti@dailymail.co.uk,+503 6070-0868,D30876000,PASAPORTE
520,Amberly,aswaitej@dedecms.com,+503 6592-6658,P77551398,PASAPORTE
521,Margaretta,mbrinkmank@hibu.com,+503 6395-4898,O76560298,PASAPORTE
522,Kari,kparrottl@berkeley.edu,+503 6643-6987,T23551313,PASAPORTE
523,Adham,awestellm@bravesites.com,+503 2951-5888,H91826165,PASAPORTE
524,Maddie,mbrotherickn@google.es,+503 7467-1964,E10636015,PASAPORTE
525,Abbot,aholsteino@moonfruit.com,+503 7241-8989,U85324167,PASAPORTE
526,Kelby,khicksp@ed.gov,+503 2481-1509,E50127621,PASAPORTE
527,Franny,fcockranq@51.la,+503 6889-5420,M17760888,PASAPORTE
528,Marian,mfaradayr@jimdo.com,+503 7031-7237,F32052385,PASAPORTE
529,Marlie,mmuzzis@instagram.com,+503 6860-2136,C18074550,PASAPORTE
530,Caryl,csamweyest@buzzfeed.com,+503 7430-0503,Q04987413,PASAPORTE
531,Susi,scollingwoodu@mac.com,+503 2801-5557,R10066033,PASAPORTE
532,Ruperta,rlorrainv@hubpages.com,+503 2641-4564,X58664404,PASAPORTE
533,Laryssa,ljewsburyw@xing.com,+503 2731-9918,T86405967,PASAPORTE
534,Demeter,dsillimanx@alibaba.com,+503 6603-6187,X35072449,PASAPORTE
535,Ragnar,rsnailhamy@home.pl,+503 7616-4107,A59195032,PASAPORTE
536,Pauli,phucksterz@prweb.com,+503 2601-5463,M82069433,PASAPORTE
537,Samuele,sollin10@adobe.com,+503 2026-6029,M05296440,PASAPORTE
538,Alexis,asoigoux11@prnewswire.com,+503 2440-3960,X10151650,PASAPORTE
539,Korry,kcooksey12@xrea.com,+503 6488-3408,O63367528,PASAPORTE
540,Jannel,jabelovitz13@baidu.com,+503 6513-1669,R41004252,PASAPORTE
541,Valma,vquaif14@blogger.com,+503 6991-7462,A89111195,PASAPORTE
542,David,ddemendoza15@taobao.com,+503 7804-2080,Z12519690,PASAPORTE
543,Rhoda,rbrehat16@webnode.com,+503 7620-0091,X35036624,PASAPORTE
544,Shaylyn,scolegrove17@ihg.com,+503 7901-5887,L15478074,PASAPORTE
545,Humfrid,hsare18@bizjournals.com,+503 2440-5780,K65078038,PASAPORTE
546,Geralda,gspurman19@usa.gov,+503 6553-1380,G45022631,PASAPORTE
547,Mariel,mhadcroft1a@wix.com,+503 2743-7497,M71187285,PASAPORTE
548,Adria,adalrymple1b@reddit.com,+503 6302-9567,E30768070,PASAPORTE
549,Amerigo,awackett1c@typepad.com,+503 2651-2224,Z78820942,PASAPORTE
550,Alisa,amaylin1d@moonfruit.com,+503 7815-1086,U72285250,PASAPORTE
551,Mirilla,mhuyge1e@bloomberg.com,+503 6042-1824,L41972308,PASAPORTE
552,Ninette,nkilliam1f@privacy.gov.au,+503 7253-8451,Y30109171,PASAPORTE
553,Natasha,nsirl1g@meetup.com,+503 6429-7201,Q05541687,PASAPORTE
554,Belia,bmanners1h@github.io,+503 2106-9991,X01311258,PASAPORTE
555,Kassandra,kjerwood1i@webmd.com,+503 2017-9803,T57984413,PASAPORTE
556,Carmel,ceglise1j@cocolog-nifty.com,+503 7908-3942,D67518748,PASAPORTE
557,Stinky,sryson1k@furl.net,+503 6232-8963,M24682109,PASAPORTE
558,Daile,dabsolon1l@nature.com,+503 6325-5430,W14337765,PASAPORTE
559,Madelena,msouthwell1m@twitter.com,+503 6317-8213,S31058521,PASAPORTE
560,Leia,lizchaki1n@etsy.com,+503 2152-6964,M33788954,PASAPORTE
561,Marlene,mdeeprose1o@studiopress.com,+503 6205-0344,L83245568,PASAPORTE
562,Pernell,pbarsam1p@wikipedia.org,+503 7972-1780,Z48253754,PASAPORTE
563,Lowrance,lhurlestone1q@dedecms.com,+503 2023-4619,M93895590,PASAPORTE
564,Odey,ostedson1r@springer.com,+503 2257-4630,E32335433,PASAPORTE
565,Ewen,elloyds1s@wired.com,+503 2435-6221,E79900679,PASAPORTE
566,Aldous,asygrove1t@vk.com,+503 6828-3048,W13801220,PASAPORTE
567,Fabe,fyeend1u@cbsnews.com,+503 2884-3182,G29885995,PASAPORTE
568,Lane,lmatura1v@sfgate.com,+503 7221-8862,I95227116,PASAPORTE
569,Fleming,fconerding1w@google.ca,+503 2270-3260,S44034191,PASAPORTE
570,Patrick,pdohms1x@si.edu,+503 2640-8934,C43881170,PASAPORTE
571,Ansley,asoppit1y@pinterest.com,+503 7712-4816,C06985193,PASAPORTE
572,Bartolemo,brockall1z@amazon.co.jp,+503 6893-0745,G55182572,PASAPORTE
573,Sammie,sdaughtery20@berkeley.edu,+503 6637-1604,K74617561,PASAPORTE
574,Heather,hsykora21@artisteer.com,+503 2860-8419,O76016980,PASAPORTE
575,Eddy,eearp22@google.cn,+503 7959-4304,Z25430478,PASAPORTE
576,Margot,mleathwood23@imgur.com,+503 7876-2643,F70169662,PASAPORTE
577,Isaak,igrieves24@gmpg.org,+503 2057-0147,L98873700,PASAPORTE
578,Addy,abachmann25@walmart.com,+503 6894-7274,P66125692,PASAPORTE
579,Isaiah,ichadburn26@intel.com,+503 6246-3004,E21423663,PASAPORTE
580,Constanta,ccinnamond27@usatoday.com,+503 7685-9167,R55909791,PASAPORTE
581,Boony,bfedoronko28@booking.com,+503 2682-9648,Y98377472,PASAPORTE
582,Fidole,fgilmore29@princeton.edu,+503 7380-3251,Q23820788,PASAPORTE
583,Donnie,dspittles2a@chicagotribune.com,+503 7049-2927,S56048316,PASAPORTE
584,Sanderson,sletherbury2b@ustream.tv,+503 6025-7033,C39905508,PASAPORTE
585,Lurlene,ldell2c@networksolutions.com,+503 7329-6440,S34227843,PASAPORTE
586,Raine,rgrut2d@usgs.gov,+503 2045-4723,Z23544747,PASAPORTE
587,Tabbitha,temanulsson2e@washingtonpost.com,+503 2039-8943,Q70597898,PASAPORTE
588,Geneva,garnaudin2f@freewebs.com,+503 7896-9720,W48306742,PASAPORTE
589,Darnall,dwhates2g@wix.com,+503 6504-5337,N08048938,PASAPORTE
590,Anni,aaustwick2h@mtv.com,+503 7553-2995,A21973323,PASAPORTE
591,Holli,hengelmann2i@sohu.com,+503 2944-1852,O52481209,PASAPORTE
592,Goldina,gcasaroli2j@tmall.com,+503 2762-5577,B94147452,PASAPORTE
593,Nikolia,nmcnee2k@google.co.jp,+503 6428-7559,N12221655,PASAPORTE
594,Vasili,vtincombe2l@booking.com,+503 7096-0254,U70610917,PASAPORTE
595,Alys,arahill2m@uiuc.edu,+503 7890-6230,X39994839,PASAPORTE
596,Vicki,vbourgourd2n@wired.com,+503 7730-2081,D82527524,PASAPORTE
597,Yvor,yperkins2o@reverbnation.com,+503 7094-1497,B67228129,PASAPORTE
598,Joana,jcambridge2p@dion.ne.jp,+503 7438-4249,S52691342,PASAPORTE
599,Terri,tmorant2q@google.co.uk,+503 2744-5249,J57443669,PASAPORTE
600,Giffard,grosenblatt2r@europa.eu,+503 7740-3686,K53798479,PASAPORTE
601,Bernardine,bsollime2s@oaic.gov.au,+503 7689-8200,M61334461,PASAPORTE
602,Katuscha,kdanielli2t@statcounter.com,+503 6328-7411,E29551388,PASAPORTE
603,Casey,cbrendeke2u@google.com.hk,+503 6811-4454,L95016369,PASAPORTE
604,Bruno,bmasseo2v@theglobeandmail.com,+503 6912-5595,T57291598,PASAPORTE
605,Madeline,mstillert2w@google.ru,+503 6661-4160,S18533013,PASAPORTE
606,Bellanca,bburree2x@shareasale.com,+503 6649-0698,B00447716,PASAPORTE
607,Mandie,mgremane2y@biblegateway.com,+503 7226-1868,E90551758,PASAPORTE
608,Kerby,kingham2z@mapy.cz,+503 7554-8319,X34496849,PASAPORTE
609,Alessandro,ahollows30@skype.com,+503 6300-1363,G13326475,PASAPORTE
610,Lodovico,lranaghan31@youtube.com,+503 6990-4939,N05444136,PASAPORTE
611,Rania,rbrane32@tmall.com,+503 7052-3362,G74735567,PASAPORTE
612,Welbie,wjutson33@myspace.com,+503 6537-5699,R94038954,PASAPORTE
613,Luella,ldumingo34@free.fr,+503 6483-5816,T43160725,PASAPORTE
614,Jeannine,jcumpton35@discovery.com,+503 6003-6683,C33049325,PASAPORTE
615,Leandra,lortas36@dion.ne.jp,+503 6221-6179,Y97970304,PASAPORTE
616,Cecil,cfarncomb37@lycos.com,+503 2342-7368,T74837609,PASAPORTE
617,Dyann,dstrangward38@bloglines.com,+503 2027-1266,L35670253,PASAPORTE
618,Rickard,rlogsdale39@umn.edu,+503 6819-6678,Y73523142,PASAPORTE
619,Gaspard,gbezzant3a@oaic.gov.au,+503 6464-4038,Y61646893,PASAPORTE
620,Idell,ipetroselli3b@ovh.net,+503 7199-3858,G97724907,PASAPORTE
621,Hoyt,hkinforth3c@businesswire.com,+503 2328-0395,P85589035,PASAPORTE
622,Frans,fpreshous3d@marriott.com,+503 6885-7380,U57205107,PASAPORTE
623,Elston,etunnadine3e@nhs.uk,+503 6871-1917,R08884988,PASAPORTE
624,Susanne,sgittins3f@1688.com,+503 7538-2802,Q61849586,PASAPORTE
625,Mallory,mrignall3g@google.com.au,+503 2384-7042,K37181858,PASAPORTE
626,Eddy,edraaisma3h@hc360.com,+503 6300-7180,K87014642,PASAPORTE
627,Gar,ghazelton3i@e-recht24.de,+503 7030-9439,N91614360,PASAPORTE
628,Christan,cneilands3j@twitpic.com,+503 2864-7505,P32805718,PASAPORTE
629,Vidovik,vmartinello3k@yellowpages.com,+503 7712-6128,Q20250609,PASAPORTE
630,Leandra,lredmell3l@nps.gov,+503 6102-6417,V38815708,PASAPORTE
631,Gene,ggeibel3m@cyberchimps.com,+503 7249-2266,S06667228,PASAPORTE
632,Rudolfo,rhamnet3n@amazon.co.jp,+503 6192-6910,O70950889,PASAPORTE
633,Darnall,dlekeux3o@mapquest.com,+503 7849-4180,U04354476,PASAPORTE
634,Fionnula,fpowelee3p@posterous.com,+503 7379-2303,Y83645439,PASAPORTE
635,Lucine,lgiabuzzi3q@scientificamerican.com,+503 7713-1686,N62547532,PASAPORTE
636,Shem,swestmancoat3r@furl.net,+503 7692-2479,W95885078,PASAPORTE
637,Tibold,twrangle3s@mozilla.org,+503 7678-7360,W98925202,PASAPORTE
638,Tierney,tgreenman3t@state.gov,+503 2114-1215,M55918388,PASAPORTE
639,Agata,apett3u@prweb.com,+503 2701-9736,V33449262,PASAPORTE
640,Elmo,esetford3v@upenn.edu,+503 6768-5946,A19756916,PASAPORTE
641,Berne,bfoulser3w@rediff.com,+503 7558-9885,E45359671,PASAPORTE
642,Nickie,ndevonish3x@nytimes.com,+503 6722-1650,D04012513,PASAPORTE
643,Gisele,gstripp3y@cornell.edu,+503 7816-8257,X01571035,PASAPORTE
644,Cirstoforo,cschwaiger3z@forbes.com,+503 7233-8832,R57064183,PASAPORTE
645,Bradley,bschurcke40@businessweek.com,+503 2990-2149,Y62727486,PASAPORTE
646,Shauna,sandrejs41@ask.com,+503 2935-3148,U07086749,PASAPORTE
647,Naoma,nbarnwell42@xrea.com,+503 6066-9918,G81606962,PASAPORTE
648,Laraine,llangworthy43@nationalgeographic.com,+503 6892-6067,H01686919,PASAPORTE
649,Rik,rmcallen44@slate.com,+503 6073-6345,Y00242971,PASAPORTE
650,Bobbe,btaffee45@miitbeian.gov.cn,+503 2565-4031,I08526513,PASAPORTE
651,Fancy,ffrandsen46@digg.com,+503 2742-2517,L87770735,PASAPORTE
652,Jaclin,jferraraccio47@amazon.com,+503 2327-5852,P37549989,PASAPORTE
653,Gabriello,gscotford48@twitpic.com,+503 6555-0271,O05510984,PASAPORTE
654,Ambros,aleggs49@washington.edu,+503 7955-7760,L87113520,PASAPORTE
655,Paolina,pewestace4a@stanford.edu,+503 2401-3420,R21049131,PASAPORTE
656,Bernetta,bambler4b@hostgator.com,+503 7646-5031,V74378856,PASAPORTE
657,Sileas,strunchion4c@histats.com,+503 7049-9263,M25280827,PASAPORTE
658,Janean,jtidball4d@army.mil,+503 2077-1152,Z87096387,PASAPORTE
659,Kelley,kclooney4e@geocities.com,+503 6366-0879,Q57034408,PASAPORTE
660,Rustin,relen4f@aboutads.info,+503 2643-1513,U17082433,PASAPORTE
661,Mureil,mhaugg4g@cpanel.net,+503 6843-1304,K50359746,PASAPORTE
662,Brook,bgrayley4h@un.org,+503 2608-6532,X06726459,PASAPORTE
663,Adelaide,acatt4i@amazon.co.uk,+503 2570-2034,J35028730,PASAPORTE
664,Bamby,bbonn4j@reddit.com,+503 7744-2175,H13065630,PASAPORTE
665,Torrie,tpetticrow4k@chron.com,+503 2681-0763,W97202434,PASAPORTE
666,Abbe,alorman4l@netvibes.com,+503 6591-4183,A09597906,PASAPORTE
667,Nancy,nkenyon4m@google.nl,+503 7459-8301,E88051641,PASAPORTE
668,Barb,bdelias4n@telegraph.co.uk,+503 2373-2001,J98642725,PASAPORTE
669,Norma,ntriggs4o@omniture.com,+503 6788-0163,R26057209,PASAPORTE
670,Nalani,nfritzer4p@hao123.com,+503 7031-2941,X66331365,PASAPORTE
671,Taddeo,tleel4q@simplemachines.org,+503 2745-9079,L82595921,PASAPORTE
672,Hunfredo,hduhig4r@nationalgeographic.com,+503 6479-7760,X33685450,PASAPORTE
673,Adair,ajillions4s@aol.com,+503 7240-0968,N81242328,PASAPORTE
674,Larissa,lpursehouse4t@artisteer.com,+503 2952-4293,T59825493,PASAPORTE
675,Kenyon,kgatcliff4u@wp.com,+503 2208-1387,P39278255,PASAPORTE
676,Shirlee,ssell4v@woothemes.com,+503 2149-8496,Y02682851,PASAPORTE
677,Davie,dwilcockes4w@t.co,+503 2808-8923,Y15752817,PASAPORTE
678,Melessa,mbernot4x@tamu.edu,+503 6351-2591,E35007016,PASAPORTE
679,Norby,ngrisard4y@noaa.gov,+503 6919-6468,S16413054,PASAPORTE
680,Costanza,ccrass4z@51.la,+503 7744-4717,F34629511,PASAPORTE
681,Bartel,bcanlin50@dropbox.com,+503 2527-0155,R11213089,PASAPORTE
682,Jessamyn,jrignall51@joomla.org,+503 6129-2456,O78231990,PASAPORTE
683,Georgi,gdellow52@cbslocal.com,+503 6638-8537,P91054147,PASAPORTE
684,Mar,mlowensohn53@aboutads.info,+503 6128-8815,O76664475,PASAPORTE
685,Dorry,dhouse54@ycombinator.com,+503 7085-8901,C92414239,PASAPORTE
686,Elyssa,emurrthum55@xrea.com,+503 2620-9061,H17351334,PASAPORTE
687,Powell,pbratch56@soup.io,+503 7449-1137,F06237173,PASAPORTE
688,Glenda,gfurness57@imdb.com,+503 6878-8608,K01574262,PASAPORTE
689,Charity,cbrussell58@craigslist.org,+503 2346-4704,I68225068,PASAPORTE
690,Isaiah,iredmore59@rambler.ru,+503 7096-2304,S22073402,PASAPORTE
691,Frances,flangfitt5a@unesco.org,+503 7321-7694,B22254814,PASAPORTE
692,Perri,pmorris5b@mediafire.com,+503 6143-3119,M17671821,PASAPORTE
693,Gina,glinkin5c@aol.com,+503 6380-0612,M95953236,PASAPORTE
694,Alexandra,amangin5d@quantcast.com,+503 2859-0628,O75466505,PASAPORTE
695,Carrie,csabatier5e@yellowbook.com,+503 7221-3153,X81576455,PASAPORTE
696,Murdoch,mmontgomery5f@sfgate.com,+503 6642-2968,F00731610,PASAPORTE
697,Peggy,pfrugier5g@google.co.jp,+503 6860-0457,I32080892,PASAPORTE
698,Willi,wkemball5h@people.com.cn,+503 6776-3735,G54244721,PASAPORTE
699,Demott,dmaclese5i@ibm.com,+503 2326-6277,Q96177845,PASAPORTE
700,Zola,zbrocket5j@paginegialle.it,+503 6503-8891,C94948416,PASAPORTE
701,Gerrie,ghansed5k@cbsnews.com,+503 7908-3280,E35195511,PASAPORTE
702,Merrill,mscargill5l@ehow.com,+503 2100-0915,H08240877,PASAPORTE
703,Glendon,gsymcoxe5m@go.com,+503 2602-7099,X99688011,PASAPORTE
704,Barthel,bdalzell5n@hp.com,+503 7071-5472,W62141043,PASAPORTE
705,Laurene,lbanker5o@linkedin.com,+503 2978-3021,K60648986,PASAPORTE
706,Waylon,wrougier5p@un.org,+503 6530-7109,H19834357,PASAPORTE
707,Nikki,ndebernardi5q@123-reg.co.uk,+503 7986-0791,E82809597,PASAPORTE
708,Klement,kwarwick5r@omniture.com,+503 7222-9288,I81590195,PASAPORTE
709,Everett,elunam5s@cdc.gov,+503 2194-1133,A24090878,PASAPORTE
710,Kare,kvanni5t@dot.gov,+503 2956-5781,Q13598496,PASAPORTE
711,Leonard,lbowater5u@mit.edu,+503 7975-3047,I15728353,PASAPORTE
712,Edlin,esarten5v@zdnet.com,+503 7625-5530,Q16606060,PASAPORTE
713,Taber,tladen5w@miitbeian.gov.cn,+503 6733-5986,C89031268,PASAPORTE
714,Lloyd,lforcer5x@cdc.gov,+503 6816-3040,K99143895,PASAPORTE
715,Batsheva,bwestbury5y@ebay.co.uk,+503 7973-5506,Y06390258,PASAPORTE
716,Bathsheba,bgheorghescu5z@linkedin.com,+503 2847-8310,P83629988,PASAPORTE
717,Tadeas,thadden60@tmall.com,+503 6608-7710,L72817584,PASAPORTE
718,Russell,rgrzegorczyk61@live.com,+503 2436-6801,V33150470,PASAPORTE
719,Molly,mfourmy62@g.co,+503 7287-1138,P54096619,PASAPORTE
720,Ynes,ycarnier63@uiuc.edu,+503 6815-5054,H00048934,PASAPORTE
721,Lockwood,lthormwell64@msu.edu,+503 2472-0890,U83509886,PASAPORTE
722,Maximilian,mdarko65@godaddy.com,+503 6231-2759,M80378288,PASAPORTE
723,Donovan,dlattka66@prweb.com,+503 6844-7630,S64085311,PASAPORTE
724,Dun,dgrealy67@time.com,+503 6232-5881,I58904025,PASAPORTE
725,Deerdre,dhawksley68@typepad.com,+503 7482-0048,S59826558,PASAPORTE
726,Whitman,whaggar69@europa.eu,+503 7198-6225,K99781339,PASAPORTE
727,Lucias,lvinick6a@bizjournals.com,+503 6176-8364,G71360159,PASAPORTE
728,Melony,mbearn6b@opensource.org,+503 2144-6001,F96016400,PASAPORTE
729,Roi,rboas6c@barnesandnoble.com,+503 6130-2112,X24038935,PASAPORTE
730,Marinna,mbeatens6d@deliciousdays.com,+503 6530-8891,K55525119,PASAPORTE
731,Flori,fmeasures6e@live.com,+503 2189-2139,R91307967,PASAPORTE
732,Norma,ngallager6f@pagesperso-orange.fr,+503 6979-9678,T85967467,PASAPORTE
733,Meir,misgate6g@discovery.com,+503 7237-2475,P26164512,PASAPORTE
734,Pooh,pscrane6h@pagesperso-orange.fr,+503 2173-6324,W57201514,PASAPORTE
735,Sallie,shawler6i@nbcnews.com,+503 2515-3362,T85804909,PASAPORTE
736,Halsey,hsolly6j@springer.com,+503 6599-4018,D85345770,PASAPORTE
737,Darb,ddenekamp6k@census.gov,+503 7561-5895,J63150372,PASAPORTE
738,Sharline,spittford6l@ebay.co.uk,+503 6615-2342,R32106395,PASAPORTE
739,Jarad,jsexten6m@quantcast.com,+503 6764-1289,Y76045600,PASAPORTE
740,Janetta,jmazella6n@tinypic.com,+503 6449-3085,S67052587,PASAPORTE
741,Maryanne,mdelieu6o@google.de,+503 2483-8162,A61791585,PASAPORTE
742,Alwin,ahaddleston6p@slate.com,+503 2818-4522,B87375591,PASAPORTE
743,Consuela,cantonnikov6q@comcast.net,+503 6947-9481,T54111616,PASAPORTE
744,Burg,bdeniske6r@nyu.edu,+503 7053-6788,S64206345,PASAPORTE
745,Mendie,mgiblin6s@wp.com,+503 2265-6644,N86259794,PASAPORTE
746,Cecelia,cmitchall6t@whitehouse.gov,+503 6166-3362,F44492881,PASAPORTE
747,Robinet,rbleibaum6u@va.gov,+503 2468-0143,R02514260,PASAPORTE
748,Rollie,rimorts6v@homestead.com,+503 7045-6570,I67194208,PASAPORTE
749,Patton,pmilius6w@phpbb.com,+503 6579-9523,P26542879,PASAPORTE
750,Hermione,hstqueintain6x@blogspot.com,+503 6483-8519,E08319708,PASAPORTE
751,Irvin,imcnamara6y@go.com,+503 2605-9149,A24208925,PASAPORTE
752,Dareen,dglowinski6z@parallels.com,+503 7198-4949,R05082775,PASAPORTE
753,Guenna,gexton70@marketwatch.com,+503 2388-1097,H50453585,PASAPORTE
754,Olly,oainley71@ftc.gov,+503 6925-6963,U46655488,PASAPORTE
755,Seumas,sbreward72@washingtonpost.com,+503 7418-8349,W90717399,PASAPORTE
756,Ranna,radamowicz73@technorati.com,+503 6753-5849,B91590286,PASAPORTE
757,Renaldo,rbradforth74@bbc.co.uk,+503 6662-9120,Q86355687,PASAPORTE
758,Ban,bbagge75@miitbeian.gov.cn,+503 6985-7012,W55048699,PASAPORTE
759,Pia,pmcquirter76@discovery.com,+503 2593-0444,G39576475,PASAPORTE
760,Enrica,evondra77@imgur.com,+503 7628-3050,I21719248,PASAPORTE
761,Edee,ehawksby78@myspace.com,+503 7449-5460,M71737127,PASAPORTE
762,Morty,mdevey79@sina.com.cn,+503 7562-1700,C28173271,PASAPORTE
763,Konstantine,kledgister7a@shinystat.com,+503 2589-7442,R50159395,PASAPORTE
764,Eddie,eblaymires7b@google.de,+503 6647-6903,O04848769,PASAPORTE
765,Pasquale,pjosipovic7c@vinaora.com,+503 2981-3050,U22293751,PASAPORTE
766,Marleah,meginton7d@walmart.com,+503 7010-7728,N57529255,PASAPORTE
767,Bibbie,bfinden7e@photobucket.com,+503 6615-7315,A16895148,PASAPORTE
768,Whitby,wtotterdell7f@themeforest.net,+503 7401-4963,Y47541534,PASAPORTE
769,Piggy,pshera7g@sciencedaily.com,+503 6801-1315,X69261728,PASAPORTE
770,Kathe,kbrigman7h@netlog.com,+503 7640-3374,N08776264,PASAPORTE
771,Mikey,mswadon7i@imgur.com,+503 6168-2278,S06561056,PASAPORTE
772,Quentin,qcallendar7j@hibu.com,+503 7603-9422,H93098451,PASAPORTE
773,Mata,mjoannet7k@phpbb.com,+503 7686-7438,A16183031,PASAPORTE
774,Gilburt,gmcmackin7l@deliciousdays.com,+503 2006-7290,U75576959,PASAPORTE
775,Alaster,amallett7m@vk.com,+503 7106-6626,Z38229124,PASAPORTE
776,Lesly,ldewes7n@opensource.org,+503 2845-0605,G21342768,PASAPORTE
777,Gabi,gottosen7o@instagram.com,+503 6799-2996,O25127641,PASAPORTE
778,Asa,amorbey7p@dell.com,+503 2636-9388,Q80259882,PASAPORTE
779,Prissie,pnyssen7q@4shared.com,+503 6957-8527,Q69054380,PASAPORTE
780,Valeria,vgurko7r@wordpress.com,+503 2207-9916,P89671712,PASAPORTE
781,Nicki,nbrownett7s@cbc.ca,+503 7674-8285,R42023560,PASAPORTE
782,Neill,nconnolly7t@ft.com,+503 2255-8187,J24844318,PASAPORTE
783,Kit,kperkis7u@vistaprint.com,+503 7615-6475,R59149371,PASAPORTE
784,Tony,tyarker7v@sphinn.com,+503 7973-6568,D62469467,PASAPORTE
785,Sherman,sstart7w@quantcast.com,+503 7552-8802,K05715786,PASAPORTE
786,Maiga,mhorwell7x@mozilla.org,+503 7149-0832,G44047395,PASAPORTE
787,Nevil,nebbers7y@sciencedirect.com,+503 7174-2163,F30705548,PASAPORTE
788,Lucretia,lrolfini7z@sun.com,+503 6825-9860,M67744926,PASAPORTE
789,Nanni,ngetty80@unblog.fr,+503 6924-2052,P71682564,PASAPORTE
790,Julie,jclaus81@forbes.com,+503 6449-8822,M16216918,PASAPORTE
791,Maud,mgudyer82@dedecms.com,+503 7677-2984,K78410746,PASAPORTE
792,Stephanus,sortet83@google.es,+503 7107-3349,Q60553623,PASAPORTE
793,Doll,dsparway84@ucla.edu,+503 2663-0424,L67234539,PASAPORTE
794,Bryanty,bladdle85@wp.com,+503 7522-4296,A37395948,PASAPORTE
795,Darnall,dspinks86@themeforest.net,+503 2789-3648,I68526657,PASAPORTE
796,Powell,pkopecka87@marriott.com,+503 6782-9226,L15212720,PASAPORTE
797,Heindrick,hharber88@home.pl,+503 2011-5103,H02374773,PASAPORTE
798,Kynthia,kderricoat89@kickstarter.com,+503 6690-2736,E85976617,PASAPORTE
799,Karim,kfirmin8a@ning.com,+503 2240-1452,L36857589,PASAPORTE
800,Dunc,diuorio8b@skyrock.com,+503 2132-8253,K67150409,PASAPORTE
801,Yelena,ythomasen0@ning.com,+503 2574-9885,RES-SV-455762172,CONSTANCIA DE RESIDENCIA
802,Bil,bdudek1@europa.eu,+503 2062-8752,RES-SV-779085,CONSTANCIA DE RESIDENCIA
803,Gwenny,glindelof2@rediff.com,+503 2766-7273,RES-SV-774032,CONSTANCIA DE RESIDENCIA
804,Trudi,triddlesden3@bbc.co.uk,+503 7788-2148,RES-SV-29663245,CONSTANCIA DE RESIDENCIA
805,Steffane,slathom4@vkontakte.ru,+503 6250-9287,RES-SV-401762943,CONSTANCIA DE RESIDENCIA
806,Murdoch,mmawman5@smugmug.com,+503 7354-8883,RES-SV-940274310,CONSTANCIA DE RESIDENCIA
807,Mackenzie,mgrzelczyk6@buzzfeed.com,+503 6155-6301,RES-SV-759882538,CONSTANCIA DE RESIDENCIA
808,Dannye,dkrug7@statcounter.com,+503 6127-7219,RES-SV-820680,CONSTANCIA DE RESIDENCIA
809,Griffy,ggheraldi8@statcounter.com,+503 6858-8291,RES-SV-7037940,CONSTANCIA DE RESIDENCIA
810,Lorant,lvasyatkin9@netlog.com,+503 2324-7653,RES-SV-642104,CONSTANCIA DE RESIDENCIA
811,Tallie,tkuhlena@prlog.org,+503 7280-8075,RES-SV-822861,CONSTANCIA DE RESIDENCIA
812,Moore,mdanickb@wordpress.com,+503 2369-1880,RES-SV-2771991,CONSTANCIA DE RESIDENCIA
813,Libby,lyakebovitchc@usgs.gov,+503 7828-0118,RES-SV-114894675,CONSTANCIA DE RESIDENCIA
814,Marietta,msunnersd@furl.net,+503 6372-5420,RES-SV-151213758,CONSTANCIA DE RESIDENCIA
815,Bartlett,bbarczewskie@delicious.com,+503 7901-4993,RES-SV-2135158,CONSTANCIA DE RESIDENCIA
816,Katya,kandreolettif@surveymonkey.com,+503 2424-6683,RES-SV-3425454,CONSTANCIA DE RESIDENCIA
817,Sileas,ssailerg@reddit.com,+503 7876-1392,RES-SV-95132841,CONSTANCIA DE RESIDENCIA
818,Moses,mmcmurrughh@vimeo.com,+503 6785-0911,RES-SV-531828,CONSTANCIA DE RESIDENCIA
819,Chevalier,cgilfoylei@quantcast.com,+503 6696-5858,RES-SV-962792700,CONSTANCIA DE RESIDENCIA
820,Torin,tkieferj@smugmug.com,+503 2988-2030,RES-SV-278556276,CONSTANCIA DE RESIDENCIA
821,Galen,ggoodbodyk@merriam-webster.com,+503 6112-6590,RES-SV-827269,CONSTANCIA DE RESIDENCIA
822,Cliff,cisabelll@so-net.ne.jp,+503 6676-6275,RES-SV-2891911,CONSTANCIA DE RESIDENCIA
823,Pamelina,pcoppinm@google.com,+503 6318-2657,RES-SV-8228110,CONSTANCIA DE RESIDENCIA
824,Mendie,mcholdcroftn@gov.uk,+503 7418-4181,RES-SV-92022872,CONSTANCIA DE RESIDENCIA
825,Beverie,bheintzscho@chicagotribune.com,+503 2016-4892,RES-SV-2575820,CONSTANCIA DE RESIDENCIA
826,Luella,lummfreyp@twitter.com,+503 6584-7994,RES-SV-487342054,CONSTANCIA DE RESIDENCIA
827,Hatti,hsalkildq@blog.com,+503 7524-6721,RES-SV-673926894,CONSTANCIA DE RESIDENCIA
828,Maddie,mtottier@phoca.cz,+503 6914-9031,RES-SV-91439162,CONSTANCIA DE RESIDENCIA
829,Clim,crosentholers@unesco.org,+503 7669-5248,RES-SV-02124954,CONSTANCIA DE RESIDENCIA
830,Brocky,bthreadgouldt@over-blog.com,+503 6289-3436,RES-SV-7793251,CONSTANCIA DE RESIDENCIA
831,Matthaeus,mpeggremu@msu.edu,+503 6777-0035,RES-SV-704849,CONSTANCIA DE RESIDENCIA
832,Pail,pbelonev@hostgator.com,+503 2496-1656,RES-SV-042574,CONSTANCIA DE RESIDENCIA
833,Marleah,mjicklesw@earthlink.net,+503 6789-6912,RES-SV-7766405,CONSTANCIA DE RESIDENCIA
834,Vivyanne,vcouzensx@sitemeter.com,+503 2620-7898,RES-SV-622358,CONSTANCIA DE RESIDENCIA
835,Jedediah,jbuggy@nhs.uk,+503 2397-8107,RES-SV-5307734,CONSTANCIA DE RESIDENCIA
836,Bernie,bninehamz@odnoklassniki.ru,+503 2283-3180,RES-SV-443666979,CONSTANCIA DE RESIDENCIA
837,Kingsly,kminithorpe10@springer.com,+503 7595-7518,RES-SV-353761429,CONSTANCIA DE RESIDENCIA
838,Jewell,jwhyman11@booking.com,+503 2855-7156,RES-SV-830598,CONSTANCIA DE RESIDENCIA
839,Lutero,lsandcroft12@springer.com,+503 7319-9661,RES-SV-3560137,CONSTANCIA DE RESIDENCIA
840,Bone,bdelamere13@ow.ly,+503 6827-1297,RES-SV-6426437,CONSTANCIA DE RESIDENCIA
841,Charisse,cigonet14@usa.gov,+503 7762-9779,RES-SV-37421845,CONSTANCIA DE RESIDENCIA
842,Siana,scartmel15@seesaa.net,+503 2571-0770,RES-SV-8906773,CONSTANCIA DE RESIDENCIA
843,Jamesy,jwelham16@lycos.com,+503 2459-8380,RES-SV-2006608,CONSTANCIA DE RESIDENCIA
844,Egon,epavelin17@sourceforge.net,+503 7656-7883,RES-SV-256165,CONSTANCIA DE RESIDENCIA
845,Karla,khammonds18@apple.com,+503 7729-6712,RES-SV-32697168,CONSTANCIA DE RESIDENCIA
846,Fulton,fshall19@vinaora.com,+503 7428-8471,RES-SV-899785,CONSTANCIA DE RESIDENCIA
847,Susanetta,scanfield1a@msn.com,+503 6971-5106,RES-SV-04728369,CONSTANCIA DE RESIDENCIA
848,Tamas,tjozaitis1b@timesonline.co.uk,+503 6366-4143,RES-SV-08098824,CONSTANCIA DE RESIDENCIA
849,Allyn,atortice1c@oakley.com,+503 2253-7374,RES-SV-5709877,CONSTANCIA DE RESIDENCIA
850,Hebert,hhuyge1d@digg.com,+503 7161-0104,RES-SV-8386860,CONSTANCIA DE RESIDENCIA
851,Frants,fkleine1e@shop-pro.jp,+503 7316-5580,RES-SV-17700343,CONSTANCIA DE RESIDENCIA
852,Cammi,cdyble1f@netlog.com,+503 2155-1232,RES-SV-811169807,CONSTANCIA DE RESIDENCIA
853,Arleen,aantonellini1g@1und1.de,+503 7951-8337,RES-SV-367559833,CONSTANCIA DE RESIDENCIA
854,Buffy,bdinsell1h@nsw.gov.au,+503 7240-9698,RES-SV-61767986,CONSTANCIA DE RESIDENCIA
855,Kiley,kamesbury1i@nymag.com,+503 2776-4802,RES-SV-87544150,CONSTANCIA DE RESIDENCIA
856,Marge,mtwyning1j@prweb.com,+503 6962-8844,RES-SV-1710489,CONSTANCIA DE RESIDENCIA
857,Augusta,ariquet1k@mac.com,+503 6239-8359,RES-SV-5400240,CONSTANCIA DE RESIDENCIA
858,Jarrett,jlyles1l@vk.com,+503 2990-2506,RES-SV-0524702,CONSTANCIA DE RESIDENCIA
859,Worden,wlatey1m@nytimes.com,+503 2357-6368,RES-SV-547347,CONSTANCIA DE RESIDENCIA
860,Shaine,srivett1n@liveinternet.ru,+503 6429-1222,RES-SV-154697,CONSTANCIA DE RESIDENCIA
861,Golda,gsnare1o@ehow.com,+503 7340-2760,RES-SV-394070806,CONSTANCIA DE RESIDENCIA
862,Damian,dfawcitt1p@drupal.org,+503 2423-9248,RES-SV-9134808,CONSTANCIA DE RESIDENCIA
863,Johnna,jmcilwain1q@admin.ch,+503 7365-4943,RES-SV-332562498,CONSTANCIA DE RESIDENCIA
864,Monro,mpetrillo1r@blinklist.com,+503 2798-4464,RES-SV-87842357,CONSTANCIA DE RESIDENCIA
865,Nollie,nmarris1s@1688.com,+503 7188-4159,RES-SV-338778,CONSTANCIA DE RESIDENCIA
866,Sunny,sandrault1t@1688.com,+503 6670-8648,RES-SV-4176110,CONSTANCIA DE RESIDENCIA
867,Nadean,nsterte1u@i2i.jp,+503 6398-7408,RES-SV-6441851,CONSTANCIA DE RESIDENCIA
868,Dickie,ddelacroux1v@patch.com,+503 2282-3146,RES-SV-879532,CONSTANCIA DE RESIDENCIA
869,Kellina,kpuckham1w@reddit.com,+503 6840-6893,RES-SV-0967354,CONSTANCIA DE RESIDENCIA
870,Merwin,mbohl1x@senate.gov,+503 6983-9536,RES-SV-453305,CONSTANCIA DE RESIDENCIA
871,Harcourt,hcopins1y@myspace.com,+503 2603-6836,RES-SV-694471508,CONSTANCIA DE RESIDENCIA
872,Natasha,nroughey1z@xrea.com,+503 2301-8462,RES-SV-561578595,CONSTANCIA DE RESIDENCIA
873,Bart,bbaxster20@patch.com,+503 6259-8799,RES-SV-7739697,CONSTANCIA DE RESIDENCIA
874,Robin,rbonhan21@ca.gov,+503 7481-5926,RES-SV-3748699,CONSTANCIA DE RESIDENCIA
875,Yale,yderry22@wufoo.com,+503 2707-7972,RES-SV-535640713,CONSTANCIA DE RESIDENCIA
876,Enrique,ejenkison23@ed.gov,+503 6998-4321,RES-SV-506240202,CONSTANCIA DE RESIDENCIA
877,Durward,dmariel24@wordpress.com,+503 7819-2104,RES-SV-0513892,CONSTANCIA DE RESIDENCIA
878,Alard,alongmead25@bravesites.com,+503 2533-0667,RES-SV-66223334,CONSTANCIA DE RESIDENCIA
879,Gan,gdreschler26@forbes.com,+503 2152-2582,RES-SV-4865675,CONSTANCIA DE RESIDENCIA
880,Odie,opetrushka27@toplist.cz,+503 2163-5427,RES-SV-005465,CONSTANCIA DE RESIDENCIA
881,Cayla,cshout28@blogger.com,+503 2293-8630,RES-SV-011181,CONSTANCIA DE RESIDENCIA
882,Ardys,achapelhow29@bluehost.com,+503 6682-2887,RES-SV-757095895,CONSTANCIA DE RESIDENCIA
883,Yoko,yreubens2a@foxnews.com,+503 6123-9661,RES-SV-593523,CONSTANCIA DE RESIDENCIA
884,Loraine,llobell2b@amazon.com,+503 2944-5016,RES-SV-63220856,CONSTANCIA DE RESIDENCIA
885,Pearline,pkitchen2c@spiegel.de,+503 6385-6527,RES-SV-57360410,CONSTANCIA DE RESIDENCIA
886,Yasmeen,yyashunin2d@digg.com,+503 2265-0700,RES-SV-592632766,CONSTANCIA DE RESIDENCIA
887,Neely,nstarking2e@alexa.com,+503 7823-4369,RES-SV-0525985,CONSTANCIA DE RESIDENCIA
888,Forbes,fcoyte2f@sfgate.com,+503 6201-8206,RES-SV-8626849,CONSTANCIA DE RESIDENCIA
889,Lorry,lsmallcomb2g@ihg.com,+503 7029-5736,RES-SV-6028539,CONSTANCIA DE RESIDENCIA
890,Hildagarde,hgraveney2h@digg.com,+503 2027-8368,RES-SV-973913780,CONSTANCIA DE RESIDENCIA
891,Henriette,hodoogan2i@jiathis.com,+503 6622-9336,RES-SV-47523837,CONSTANCIA DE RESIDENCIA
892,Candra,cbermingham2j@stumbleupon.com,+503 6364-2175,RES-SV-336170469,CONSTANCIA DE RESIDENCIA
893,Vivien,vaubry2k@nyu.edu,+503 7073-1708,RES-SV-617332472,CONSTANCIA DE RESIDENCIA
894,Dari,dstalman2l@e-recht24.de,+503 6242-0192,RES-SV-473374384,CONSTANCIA DE RESIDENCIA
895,Markos,mocodihie2m@gravatar.com,+503 7773-6360,RES-SV-284509,CONSTANCIA DE RESIDENCIA
896,Bennie,bgreenless2n@goodreads.com,+503 7344-6123,RES-SV-486665676,CONSTANCIA DE RESIDENCIA
897,Janeta,jscanes2o@t.co,+503 2299-5999,RES-SV-7489240,CONSTANCIA DE RESIDENCIA
898,Otho,ocoolahan2p@google.pl,+503 2765-3502,RES-SV-47385418,CONSTANCIA DE RESIDENCIA
899,Alf,aplowman2q@clickbank.net,+503 6795-3047,RES-SV-3077417,CONSTANCIA DE RESIDENCIA
900,Eldridge,etaphouse2r@phpbb.com,+503 2301-7161,RES-SV-022785156,CONSTANCIA DE RESIDENCIA
901,Noelle,nsivyour2s@about.com,+503 6171-3738,RES-SV-379462,CONSTANCIA DE RESIDENCIA
902,Hedvig,hollerearnshaw2t@mozilla.org,+503 2689-4430,RES-SV-186277,CONSTANCIA DE RESIDENCIA
903,Bettina,bbirkwood2u@miibeian.gov.cn,+503 7379-2228,RES-SV-823064149,CONSTANCIA DE RESIDENCIA
904,Kessiah,kcharley2v@macromedia.com,+503 6540-9330,RES-SV-575528,CONSTANCIA DE RESIDENCIA
905,Jarib,jhagger2w@tiny.cc,+503 2832-6245,RES-SV-579740,CONSTANCIA DE RESIDENCIA
906,Timotheus,tleate2x@squarespace.com,+503 2935-5855,RES-SV-516754291,CONSTANCIA DE RESIDENCIA
907,Consolata,cjakolevitch2y@nsw.gov.au,+503 6806-4674,RES-SV-53637492,CONSTANCIA DE RESIDENCIA
908,Charlean,cruffles2z@chicagotribune.com,+503 2246-0750,RES-SV-24389188,CONSTANCIA DE RESIDENCIA
909,Linnet,livanonko30@behance.net,+503 7365-3169,RES-SV-99734695,CONSTANCIA DE RESIDENCIA
910,Shannon,sdurbridge31@mail.ru,+503 7595-0421,RES-SV-751738963,CONSTANCIA DE RESIDENCIA
911,Carmita,cmeese32@qq.com,+503 7960-4107,RES-SV-23347514,CONSTANCIA DE RESIDENCIA
912,Simone,skibble33@cam.ac.uk,+503 2022-1706,RES-SV-236234475,CONSTANCIA DE RESIDENCIA
913,Mervin,mpendleberry34@feedburner.com,+503 2658-9222,RES-SV-284241168,CONSTANCIA DE RESIDENCIA
914,Hakeem,hagney35@usgs.gov,+503 7350-1364,RES-SV-226684247,CONSTANCIA DE RESIDENCIA
915,Callida,cawcock36@desdev.cn,+503 6732-7604,RES-SV-77051518,CONSTANCIA DE RESIDENCIA
916,Harlene,hreicharz37@bluehost.com,+503 7290-3329,RES-SV-048209,CONSTANCIA DE RESIDENCIA
917,Etty,egrimmett38@mysql.com,+503 2763-9907,RES-SV-13733275,CONSTANCIA DE RESIDENCIA
918,Floria,fcallar39@tripadvisor.com,+503 7406-9139,RES-SV-14188472,CONSTANCIA DE RESIDENCIA
919,Irvine,irawlins3a@sun.com,+503 6870-4086,RES-SV-140631,CONSTANCIA DE RESIDENCIA
920,Hilly,hdallander3b@naver.com,+503 2567-7869,RES-SV-540501461,CONSTANCIA DE RESIDENCIA
921,Gill,ghubbucke3c@vkontakte.ru,+503 2443-2281,RES-SV-708019,CONSTANCIA DE RESIDENCIA
922,Anissa,arankcom3d@arizona.edu,+503 6181-5239,RES-SV-563219390,CONSTANCIA DE RESIDENCIA
923,Kayle,kcurlis3e@google.cn,+503 2448-5838,RES-SV-9278260,CONSTANCIA DE RESIDENCIA
924,Jane,jcultcheth3f@census.gov,+503 7124-0216,RES-SV-134364,CONSTANCIA DE RESIDENCIA
925,Godiva,gmaffucci3g@youtube.com,+503 2733-7793,RES-SV-0931129,CONSTANCIA DE RESIDENCIA
926,Dory,dgerald3h@miibeian.gov.cn,+503 6827-2321,RES-SV-98161911,CONSTANCIA DE RESIDENCIA
927,Jerad,jgradon3i@businesswire.com,+503 7020-1567,RES-SV-4626426,CONSTANCIA DE RESIDENCIA
928,Kincaid,kfolomin3j@tumblr.com,+503 2231-2704,RES-SV-590651,CONSTANCIA DE RESIDENCIA
929,Selena,sgasnoll3k@hubpages.com,+503 6890-8339,RES-SV-330434718,CONSTANCIA DE RESIDENCIA
930,Fionna,felstow3l@chicagotribune.com,+503 2431-0289,RES-SV-2429362,CONSTANCIA DE RESIDENCIA
931,Hetty,hleavry3m@netvibes.com,+503 7053-2668,RES-SV-7618268,CONSTANCIA DE RESIDENCIA
932,Wolfgang,wnutter3n@spotify.com,+503 6356-1738,RES-SV-135835568,CONSTANCIA DE RESIDENCIA
933,Jack,jnorthen3o@scribd.com,+503 7720-0577,RES-SV-682228,CONSTANCIA DE RESIDENCIA
934,Patrizia,pmaro3p@constantcontact.com,+503 7498-2349,RES-SV-244019379,CONSTANCIA DE RESIDENCIA
935,Cassondra,cwillicott3q@sogou.com,+503 2371-5101,RES-SV-9943587,CONSTANCIA DE RESIDENCIA
936,Bel,bschultheiss3r@illinois.edu,+503 2390-4553,RES-SV-641037,CONSTANCIA DE RESIDENCIA
937,Lonnie,llorking3s@umn.edu,+503 2302-3579,RES-SV-405396168,CONSTANCIA DE RESIDENCIA
938,Cly,cnilles3t@va.gov,+503 6195-2658,RES-SV-699677,CONSTANCIA DE RESIDENCIA
939,Gav,ghalgarth3u@wp.com,+503 2171-5240,RES-SV-222768,CONSTANCIA DE RESIDENCIA
940,Fleming,fbaton3v@tripod.com,+503 2526-2687,RES-SV-48298719,CONSTANCIA DE RESIDENCIA
941,Arleen,ahalward3w@joomla.org,+503 7128-6975,RES-SV-9546472,CONSTANCIA DE RESIDENCIA
942,Gilbertine,gletertre3x@telegraph.co.uk,+503 6090-2102,RES-SV-19203622,CONSTANCIA DE RESIDENCIA
943,Quentin,qmouatt3y@mapy.cz,+503 7233-8973,RES-SV-02726067,CONSTANCIA DE RESIDENCIA
944,Lind,ltorres3z@va.gov,+503 2700-5444,RES-SV-283871,CONSTANCIA DE RESIDENCIA
945,Noah,nhover40@diigo.com,+503 6061-4540,RES-SV-041689260,CONSTANCIA DE RESIDENCIA
946,Nancee,nwooller41@ebay.com,+503 7525-2276,RES-SV-966189515,CONSTANCIA DE RESIDENCIA
947,Marianna,mdrust42@bigcartel.com,+503 6058-3756,RES-SV-53247580,CONSTANCIA DE RESIDENCIA
948,My,morgill43@nymag.com,+503 2154-5519,RES-SV-9434540,CONSTANCIA DE RESIDENCIA
949,Morna,mmellem44@un.org,+503 6985-3267,RES-SV-2789364,CONSTANCIA DE RESIDENCIA
950,Freeman,fpashba45@feedburner.com,+503 2169-4243,RES-SV-579647435,CONSTANCIA DE RESIDENCIA
951,Arda,adudderidge46@eventbrite.com,+503 6880-2929,RES-SV-30291493,CONSTANCIA DE RESIDENCIA
952,Florrie,fchalles47@squidoo.com,+503 6390-2973,RES-SV-25606496,CONSTANCIA DE RESIDENCIA
953,Susan,sgudgin48@bandcamp.com,+503 7576-0676,RES-SV-194194796,CONSTANCIA DE RESIDENCIA
954,Gilbert,gbrocks49@discovery.com,+503 2280-3137,RES-SV-547519817,CONSTANCIA DE RESIDENCIA
955,Zara,zheiner4a@jalbum.net,+503 7288-8142,RES-SV-791638092,CONSTANCIA DE RESIDENCIA
956,Staci,spardue4b@netlog.com,+503 2712-3287,RES-SV-333912783,CONSTANCIA DE RESIDENCIA
957,Birk,bgarnsworthy4c@va.gov,+503 7127-7029,RES-SV-3390429,CONSTANCIA DE RESIDENCIA
958,Bengt,bfateley4d@networkadvertising.org,+503 6323-8561,RES-SV-894482,CONSTANCIA DE RESIDENCIA
959,Charmain,ctitlow4e@senate.gov,+503 6563-6305,RES-SV-255510246,CONSTANCIA DE RESIDENCIA
960,Averill,abillam4f@deliciousdays.com,+503 6470-7520,RES-SV-23551277,CONSTANCIA DE RESIDENCIA
961,Rogerio,rgoudie4g@gravatar.com,+503 2840-8853,RES-SV-997173341,CONSTANCIA DE RESIDENCIA
962,Lisbeth,ledlin4h@vimeo.com,+503 6967-1568,RES-SV-88140843,CONSTANCIA DE RESIDENCIA
963,Regan,rlester4i@nyu.edu,+503 2562-1064,RES-SV-51549829,CONSTANCIA DE RESIDENCIA
964,Towney,tcaspell4j@hc360.com,+503 6543-4169,RES-SV-014211221,CONSTANCIA DE RESIDENCIA
965,Aggy,alaxston4k@ibm.com,+503 2481-3343,RES-SV-9379840,CONSTANCIA DE RESIDENCIA
966,Martainn,maspray4l@rediff.com,+503 6859-4138,RES-SV-1990545,CONSTANCIA DE RESIDENCIA
967,Fanni,fgueinn4m@wix.com,+503 2492-3002,RES-SV-64759349,CONSTANCIA DE RESIDENCIA
968,Othilie,ocours4n@archive.org,+503 7219-5049,RES-SV-3010982,CONSTANCIA DE RESIDENCIA
969,Zebulon,zdibatista4o@springer.com,+503 2206-4384,RES-SV-851644,CONSTANCIA DE RESIDENCIA
970,Erwin,ebillie4p@ucla.edu,+503 2665-0476,RES-SV-38272287,CONSTANCIA DE RESIDENCIA
971,Evaleen,ebangs4q@businessweek.com,+503 2831-5077,RES-SV-593860,CONSTANCIA DE RESIDENCIA
972,Fawn,fedney4r@mashable.com,+503 6588-5800,RES-SV-129307177,CONSTANCIA DE RESIDENCIA
973,Cissy,charragin4s@marketwatch.com,+503 6457-0640,RES-SV-933564808,CONSTANCIA DE RESIDENCIA
974,Trenna,troelofsen4t@i2i.jp,+503 6908-0391,RES-SV-43544985,CONSTANCIA DE RESIDENCIA
975,Julianna,jkerne4u@seesaa.net,+503 2821-0986,RES-SV-887178826,CONSTANCIA DE RESIDENCIA
976,Dacy,dmccloch4v@paypal.com,+503 6430-1892,RES-SV-281809,CONSTANCIA DE RESIDENCIA
977,Jasun,jschwant4w@irs.gov,+503 6497-7415,RES-SV-246996193,CONSTANCIA DE RESIDENCIA
978,Muriel,mhenricsson4x@privacy.gov.au,+503 7801-8937,RES-SV-268344,CONSTANCIA DE RESIDENCIA
979,Chris,cjowle4y@microsoft.com,+503 2223-0028,RES-SV-501237,CONSTANCIA DE RESIDENCIA
980,Gradey,gflancinbaum4z@woothemes.com,+503 2277-3668,RES-SV-037886,CONSTANCIA DE RESIDENCIA
981,Delly,dbere50@miitbeian.gov.cn,+503 6479-8509,RES-SV-882266,CONSTANCIA DE RESIDENCIA
982,Findlay,fscullion51@nytimes.com,+503 7673-5238,RES-SV-590502992,CONSTANCIA DE RESIDENCIA
983,Nerissa,nmacconchie52@shinystat.com,+503 6729-8971,RES-SV-534485,CONSTANCIA DE RESIDENCIA
984,Klara,klancley53@bloomberg.com,+503 6399-4277,RES-SV-352157,CONSTANCIA DE RESIDENCIA
985,Modestine,mrosingdall54@hibu.com,+503 7198-5184,RES-SV-5416724,CONSTANCIA DE RESIDENCIA
986,Kippar,kpledge55@soundcloud.com,+503 2394-5694,RES-SV-5317308,CONSTANCIA DE RESIDENCIA
987,Brad,bcorday56@multiply.com,+503 7925-4177,RES-SV-435156,CONSTANCIA DE RESIDENCIA
988,Patty,pfrantzen57@icio.us,+503 6187-1860,RES-SV-4272578,CONSTANCIA DE RESIDENCIA
989,Towney,tmillward58@over-blog.com,+503 6560-7381,RES-SV-071961,CONSTANCIA DE RESIDENCIA
990,Deedee,dlibbie59@usgs.gov,+503 6038-3204,RES-SV-46047530,CONSTANCIA DE RESIDENCIA
991,Carmina,chulburt5a@mashable.com,+503 6390-8750,RES-SV-509732381,CONSTANCIA DE RESIDENCIA
992,Alvan,adericot5b@microsoft.com,+503 2376-5093,RES-SV-50441627,CONSTANCIA DE RESIDENCIA
993,Manon,meskriet5c@histats.com,+503 7488-2794,RES-SV-55712187,CONSTANCIA DE RESIDENCIA
994,Milty,mucceli5d@upenn.edu,+503 2628-4159,RES-SV-6653050,CONSTANCIA DE RESIDENCIA
995,Raeann,rtaks5e@oakley.com,+503 6129-9877,RES-SV-00776544,CONSTANCIA DE RESIDENCIA
996,Etienne,estedell5f@gmpg.org,+503 6806-9582,RES-SV-60675988,CONSTANCIA DE RESIDENCIA
997,Kettie,kmuller5g@berkeley.edu,+503 6892-5768,RES-SV-953537,CONSTANCIA DE RESIDENCIA
998,Purcell,polcot5h@dion.ne.jp,+503 6993-9296,RES-SV-5085219,CONSTANCIA DE RESIDENCIA
999,Susi,spavinese5i@xinhuanet.com,+503 2971-3010,RES-SV-242845,CONSTANCIA DE RESIDENCIA
1000,Cacilie,cennever5j@slashdot.org,+503 6569-3175,RES-SV-9159679,CONSTANCIA DE RESIDENCIA
